Jira Key,Issue Id,Summary,Description,Issue Type,Priority,Labels,Parent,Sprint,Phase,Blocked By 1,Blocked By 2,Blocked By 3,Relates 1,Relates 2,Relates 3,Blocks Existing,Assignee
SALIN-213,T01,[T01] Record the six blocking spec rulings,"Decide and record Q1 (final syllable YA or PA), Q2 (18 or 20 spoken values), Q3 (Level 1 final MA), Q4 (era paragraph or two words), Q5 (Levels 5/10 boss or waves), Q12 (wire revised save now). Output: docs/design/spec-rulings-2026-09.md plus corrected workbook cells. Covers UF-37, BTN-FINAL, Character Mastery, Completion Rules, Level Flow L1/L5/L10/L15. See docs/audit/AUDIT.md section 5.1.

Audit id: T01. Re-verified 2026-09-11 against dev @ cb41a966 (see docs/audit/BACKLOG.md). Duplicate pass: OVL — existing Jira: SALIN-212 (Done), SALIN-188 (IP), SALIN-166 (Done).",Task,Highest,spec demo-required audit-2026-09 revised-backlog phase-a,SALIN-127,SALIN Sprint 8,A - Data and foundation,,,,SALIN-212,SALIN-188,,,Jeff Andre Millan
SALIN-214,T02,[T02] Correct Level 1 final restoration value to MA,"Level1_Config.finalRestorationValue is NA; spec and matrix say MA completes AMA. Edit Assets/ScriptableObjects/Levels/Level1_Config.asset (and CampaignLevelDataTool if generated). Acceptance: Inspector shows Char_MA/value.ma; RevisedCampaignAssetTests pass. Covers Level Flow L1, Completion Rules Last syllable.

Audit id: T02. Re-verified 2026-09-11 against dev @ cb41a966 (see docs/audit/BACKLOG.md). Duplicate pass: OVL — existing Jira: SALIN-198 (Done: 'final syllable match the approved matrix').",Bug,Highest,data demo-required audit-2026-09 revised-backlog phase-a,SALIN-128,SALIN Sprint 8,A - Data and foundation,T01,,,SALIN-198,,,,Jeff Andre Millan
SALIN-215,T03,[T03] Downgrade missing context media from Error to Warning in the campaign validator,"Plan review R1/R2: split validator issues into identity errors (manifest, era/level/symbol ids and counts, order, DA/RA rule) that always block, and content-completeness issues (media, focus words, requirements, pools, rosters, final value, challenge sequence, reward ids) that are Warnings until a strict-mode switch (release profile) turns them into Errors at content-complete. Without this, Level 13 (empty content) blocks T07 behind the RA split. CampaignConfigValidator.ValidateMedia (lines 788-812) emits Error for null contextImage/narrationClip on every level, and CampaignSaveService refuses the campaign on any Error. Change to Warning, update RevisedCampaignAssetTests deferred-media exclusion, show warnings in CampaignConfigValidationMenu. Acceptance: Editor validate reports zero errors for Levels 1-5. Covers UF-01, Global Safe Saving, Audio Clues.

Audit id: T03. Re-verified 2026-09-11 against dev @ cb41a966 (see docs/audit/BACKLOG.md). Duplicate pass: NEW — existing Jira: none (SALIN-170 Done built the validator; no ticket for the Error/Warning split).",Task,Highest,save demo-required audit-2026-09 revised-backlog phase-a,SALIN-128,SALIN Sprint 8,A - Data and foundation,T01,,,SALIN-170,,,,Jeff Andre Millan
SALIN-216,T04,[T04] Make Levels 6-15 combat rosters equal their cumulative pools,"allowedCharacters on Levels 6-9 include untaught KA/HA/LA/NGA/PA/SA; Level 10 is [A]; Level 15 is [NGA]. Fix Level6-15_Config.asset so validator reports zero COMBAT_ROSTER_INVALID / CUMULATIVE_POOL_INVALID. Acceptance: Level 6 never asks a glyph outside A, E/I, BA, MA, NA, TA, GA, WA. Covers Game Overview Old syllables, Core Mechanics 6.0, Level Flow L6-L15.

Audit id: T04. Re-verified 2026-09-11 against dev @ cb41a966 (see docs/audit/BACKLOG.md). Duplicate pass: OVL — existing Jira: SALIN-172 (IP, parent of the 15 configs), SALIN-204 (IP, Ugat slice).",Bug,High,data demo-required audit-2026-09 revised-backlog phase-a,SALIN-128,SALIN Sprint 8,A - Data and foundation,,,,SALIN-172,,,,Jeff Andre Millan
SALIN-217,T05,[T05] Promote RA to a full 18th character,"Team ruling Q2 (2026-09-11): 18 characters, DA and RA separate. Code models 17 symbols with symbol.dara carrying two values and folds recognizer RA into DA. Update ContentIdentity symbol/value counts, CampaignConfigValidator symbol count and DARA rule, remove the BaybayinIdCanonicalizer RA fold, give Char_RA a stableId/value/firstIntroductionLevelId, add it to CampaignConfig symbols, fix Level 11/13 decompositions, correct the content matrix. Acceptance: validator passes with 18 symbols; Almanac shows Learned n/18; Dojo reports RA for an RA trace; HARAYA = HA RA YA with Char_RA. Covers Game Overview Character set, Character Mastery DA/RA, UF-40. Plan review R8/R9: RA introduction level is Level 13 / level.pamana.03 (ruling R8, 2026-09-11); Level 11 stays DA-only. Insert symbol.ra before symbol.pa in RevisedSymbolIds because the last id is treated as the finale symbol. Per ruling Q1 also change RevisedFinaleSymbolId/SpokenValueId and ValidateFinalRestoration (CampaignConfigValidator.cs:652-661) from PA to YA and set Level15 finalRestorationValue to YA; keep ValidatePaInstructionOrder. Update ApprovedWorkbookSha256 and manifest.sourceWorkbookSha256 when the matrix workbook is corrected to 18.

Audit id: T05. Re-verified 2026-09-11 against dev @ cb41a966 (see docs/audit/BACKLOG.md). Duplicate pass: OVL — existing Jira: SALIN-212 (Done, escalated the 17-vs-18 question), SALIN-170 (Done, criteria say 17 visual), SALIN-177 (Done, tests assert 17 visual).",Task,High,data demo-required audit-2026-09 revised-backlog phase-a,SALIN-128,SALIN Sprint 8,A - Data and foundation,T01,,,SALIN-212,SALIN-170,,,Chad Denard Andrada
SALIN-218,T06,[T06] Rename levels to spec titles and switch to era stage backgrounds,"Level names are legacy colonial titles; eraTheme uses EraTheme_Spanish/Japanese/American although StageBackground_Ugat/Ugnayan/Pamana exist; Levels 11-15 chapterNumber=1. Update all 15 Level*_Config.asset. Acceptance: Level 1 logs Applied theme Ugat; lock notice names Ang Unang Tinig. Covers Level Flow Level Title, UF-09, UF-10.

Audit id: T06. Re-verified 2026-09-11 against dev @ cb41a966 (see docs/audit/BACKLOG.md). Duplicate pass: OVL — existing Jira: SALIN-185 (Done, naming), SALIN-172 (IP).",Task,Medium,data demo-required audit-2026-09 revised-backlog phase-a,SALIN-127,SALIN Sprint 8,A - Data and foundation,,,,SALIN-185,,,,Jon Wayne Cabusbusan
SALIN-219,T07,[T07] Wire the revised campaign into SaveManager and boot in RevisedReady,"SaveManager._campaign is {fileID: 0} in Bootstrap.unity:423 and [Manager] SaveManager.prefab:47; no asset references CampaignConfig_RevisedV1, so atomic save, mastery, rewards and Reset Journey are dead at runtime. Assign the campaign. Acceptance: fresh install shows Start Journey; completing Level 1 writes campaign-save.json with level.ugat.02 unlocked; Settings shows Reset Journey; corrupted save shows Journey Save Recovered and Level 1 is playable. Covers UF-01/02/03/07, Global Safe Saving, Locked Content. Ruling 2026-09-11: existing PlayerPrefs progress is archived and a fresh journey starts with the migration notice; no carry-over.

Audit id: T07. Re-verified 2026-09-11 against dev @ cb41a966 (see docs/audit/BACKLOG.md). Duplicate pass: OVL — existing Jira: SALIN-140 (IP), SALIN-174 (Done), SALIN-171 (Done).",Story,Highest,save demo-required audit-2026-09 revised-backlog phase-a,SALIN-127,SALIN Sprint 8,A - Data and foundation,T02,T03,T04,SALIN-174,,,SALIN-140,Jeff Andre Millan
SALIN-220,T08,[T08] Persist per-objective completion flags and gate unlock on them,"Save records only completed/unlocked/stars. Add storyViewed, symbolsPracticed, wordsRestored, contextPassed, finalSyllableRestored to LevelProgressRecord and CampaignProgressOutcome; require them in CampaignOutcomeCoordinator.ApplyLevelProgression/VerifyPublishedOutcome. Acceptance: Level 1 completion writes all flags true; forcing one false keeps Level 2 locked with the missing objective named. Covers Completion Rules, Global Locked Content, Final Syllable Rule, UF-27, UF-30.

Audit id: T08. Re-verified 2026-09-11 against dev @ cb41a966 (see docs/audit/BACKLOG.md). Duplicate pass: OVL — existing Jira: SALIN-140 (IP: 'saved once as one versioned outcome').",Story,Highest,save demo-required audit-2026-09 revised-backlog phase-a,SALIN-127,SALIN Sprint 8,A - Data and foundation,T07,,,,,,SALIN-140,Jeff Andre Millan
SALIN-221,T09,[T09] Author spoken values and labels per the Q2 ruling,"E/I and O/U have one spoken value each; value.ra reuses DA.wav; FocusWordPreviewController and ActiveCluePresenter use symbol.syllable instead of SpokenValueResolver.ResolveLabel. Update Char_EI/OU/DA assets, validator value count, ContentIdentity, and both UI label paths. Acceptance: Level 9 preview reads O·O and U·NA; Level 11 DALA card says da. Covers Character Mastery E/I O/U DA/RA, Global Audio Clues, Level Flow L9/L11/L13.

Audit id: T09. Re-verified 2026-09-11 against dev @ cb41a966 (see docs/audit/BACKLOG.md). Duplicate pass: OVL — existing Jira: SALIN-157 (Done: 'audio and visible label follow the approved level context'), SALIN-155 (IP, RA convention).",Story,High,data language demo-required audit-2026-09 revised-backlog phase-a,SALIN-131,SALIN Sprint 8,A - Data and foundation,T01,,,SALIN-157,SALIN-155,,,Chad Denard Andrada
SALIN-222,T10,[T10] Apply challenge tiers 1-5 to level data,"ChallengeTierPolicy.ForTier encodes the spec difficulty pattern (supportive retries 1-2, heart penalties 3-5, emergency hint with 10% penalty at 5, combo powers by tier) but only Level 1 sets a tier. Set challengePolicy.tier = era-local order on all 15 Level*_Config.asset. Acceptance: Level 3 three wrong placements cost a heart; Level 5 hint works once then refuses and score drops 10. Covers Core Mechanics Level Difficulty Pattern, UF-19, UF-25.

Audit id: T10. Re-verified 2026-09-11 against dev @ cb41a966 (see docs/audit/BACKLOG.md). Duplicate pass: OVL — existing Jira: SALIN-181 (Done, tier engine), SALIN-172 (IP, config authoring).",Task,High,data demo-required audit-2026-09 revised-backlog phase-a,SALIN-128,SALIN Sprint 8,A - Data and foundation,T01,,,SALIN-172,,,,Jeff Andre Millan
SALIN-223,T11,[T11] Plan ContextChallenge and MemoryReward on every level and refuse completion when content is missing,"LevelPhasePlan skips the challenge when challengeSequence is null and the memory when rewardIds is empty, so Levels 6/7/8/10/13 complete on wave clear alone. Always plan both phases; missing content shows a panel and blocks unlock; the validator change is deferred to the strict-mode switch in T03 (plan review R2) so boot is not re-blocked before Levels 6-15 are authored. Acceptance: clearing Level 2 with its challengeSequence removed shows content missing and Level 3 stays locked. Covers Core Mechanics Victory, UF-23, UF-33, Global Locked Content.

Audit id: T11. Re-verified 2026-09-11 against dev @ cb41a966 (see docs/audit/BACKLOG.md). Duplicate pass: OVL — existing Jira: SALIN-178 (Done: 'Defense systems … cannot mark a level complete').",Bug,Highest,flow demo-required audit-2026-09 revised-backlog phase-b,SALIN-127,SALIN Sprint 8,B - Core loop,T07,,,SALIN-178,,,,Jeff Andre Millan
SALIN-224,T12,[T12] Make learning cards show only the level's new symbols,"Every level's learningRequirements lists the whole cumulative pool as Instruction (Level 15 = 17 cards; retry replays all). Author Instruction only for symbols whose firstIntroductionLevelId is this level; review symbols become Practice. Acceptance: Level 2 shows BA and TA cards only; Level 3 shows none. Covers UF-14, Completion Rules Symbols practiced. Plan review R3: keep review symbols in learningRequirements as Practice kind so the list stays non-empty (validator rejects an empty list) while SymbolLearningCardController presents Instruction cards only.

Audit id: T12. Re-verified 2026-09-11 against dev @ cb41a966 (see docs/audit/BACKLOG.md). Duplicate pass: OVL — existing Jira: SALIN-133 (Done: 'only the required new syllables … are introduced').",Bug,High,data demo-required audit-2026-09 revised-backlog phase-b,SALIN-128,SALIN Sprint 8,B - Core loop,,,,SALIN-133,,,,Chad Denard Andrada
SALIN-228,T13,[T13] Build the Required Practice phase (in-level guided tracing),"RequiredPractice is a stub (LevelFlowController.cs:259-262). Build ExecuteRequiredPractice + RequiredPracticeController reusing Level1TutorialGuideUI / ChallengeSession GuidedTracing; per-level accuracy threshold; Check, Reset, Show Guide, attempt counter; no heart loss; record Form evidence. Acceptance: Level 1 requires I, NA, A, MA to pass before combat; weak trace highlights missed section and retries; retry after defeat skips passed symbols. Covers UF-15, BTN-CHECK, BTN-RESET, Core Mechanics 5.0, Completion Rules Symbols practiced.

Audit id: T13. Re-verified 2026-09-11 against dev @ cb41a966 (see docs/audit/BACKLOG.md). Duplicate pass: OVL — existing Jira: SALIN-178 (Done, nine-phase flow), SALIN-134 (Done: 'trace each required character before using it in defense').",Story,Highest,flow demo-required audit-2026-09 revised-backlog phase-b,SALIN-127,,B - Core loop,T07,,,SALIN-178,SALIN-134,,,Jeff Andre Millan
SALIN-229,T14,[T14] Add the final-syllable trace-and-place step to restoration,"finalRestorationValue is authored but never read at runtime. Add a trailing unit to the context challenge that requires tracing the level's final syllable into its word with a focus moment; write the finalSyllableRestored flag. Acceptance: Level 1 shows AMA with last slot empty; tracing NA is rejected, MA accepted, memory plays, flag true; step cannot be skipped. Covers Global Final Syllable Rule, Completion Rules Last syllable, UF-27, UF-37, BTN-FINAL.

Audit id: T14. Re-verified 2026-09-11 against dev @ cb41a966 (see docs/audit/BACKLOG.md). Duplicate pass: OVL — existing Jira: SALIN-198 (Done), SALIN-181 (Done).",Story,Highest,flow demo-required audit-2026-09 revised-backlog phase-b,SALIN-127,,B - Core loop,T01,T08,T13,SALIN-181,,,,Jeff Andre Millan
SALIN-230,T15,[T15] Set per-level combat mode and clue channels,"Reframed by ruling Q15 (2026-09-11): the combat design only requires defeating the enemy by tracing the correct symbol, which the legacy path already does. Decide per level whether active-clue mode is on and author clueChannels as the difficulty ladder (Roman+outline, image+sound, audio-only, incomplete word); verify ActiveCluePresenter renders each channel. Acceptance: each level plays in its chosen mode; audio-only clues always have a replay button and a Latin fallback. Covers Core Mechanics Level Difficulty Pattern, UF-17, UF-18.

Audit id: T15. Re-verified 2026-09-11 against dev @ cb41a966 (see docs/audit/BACKLOG.md). Duplicate pass: OVL — existing Jira: SALIN-180 (Done, engine), SALIN-182 (IP, combat variety incl. lanes/powers).",Story,High,combat demo-required audit-2026-09 revised-backlog phase-b,SALIN-127,,B - Core loop,T04,,,SALIN-182,,,,Chad Denard Andrada
SALIN-231,T16,[T16] Replace the free hint with the spec's hint modal and penalties,"ChallengeSession.RequestHint reveals the exact answer with no cost, confirmation, limit or exhausted state. Build a hint modal with types (meaning, replay, first symbol, slot glow), cost shown before use, confirm/cancel, penalty recorded in LevelResults, No Hints Left with review routing. Acceptance: modal appears with costs; cancel is a no-op; results show the penalty; exhausted state offers review. Covers UF-25, BTN-HINT, Global Hints.

Audit id: T16. Re-verified 2026-09-11 against dev @ cb41a966 (see docs/audit/BACKLOG.md). Duplicate pass: OVL — existing Jira: SALIN-181 (Done, emergency hint), SALIN-163 (IP, hint after failures).",Story,High,ui demo-required audit-2026-09 revised-backlog phase-b,SALIN-127,,B - Core loop,T10,,,SALIN-163,,,,Jeff Andre Millan
SALIN-232,T17,[T17] Add the Wave Cleared screen,"Flow jumps from last enemy to challenge. Add WaveClearedScreenUI with banner, hearts remaining, combat accuracy and Restore the Memory button; LevelFlowController awaits it before ContextChallenge. Acceptance: Level 1 wave 5 clear shows the banner and nothing advances until the button is tapped. Covers UF-23, Core Mechanics Victory.

Audit id: T17. Re-verified 2026-09-11 against dev @ cb41a966 (see docs/audit/BACKLOG.md). Duplicate pass: NEW — existing Jira: none.",Story,High,ui demo-required audit-2026-09 revised-backlog phase-b,SALIN-127,,B - Core loop,T11,,,,,,,Jeff Andre Millan
SALIN-233,T18,"[T18] Rebuild the restoration board with Baybayin tiles, Submit, Undo, and Hear","ChallengeModeUI is runtime-built Latin word buttons validated per tap. Build a board with Baybayin glyph tiles (glyphOutlineSprite) dragged into word slots, Submit validates all, Undo returns the last tile, wrong tiles shake back, Hear Word/Sentence. Acceptance: Level 1 shows INA and AMA as empty Baybayin slots; wrong tile shakes; Undo works; Submit locks correct slots. Covers UF-24, UF-26, BTN-SUBMIT, BTN-UNDO, BTN-HEAR, Core Mechanics 7.0. Ruling R7 (2026-09-11): paragraph units (Levels 5, 10, 15) use word tiles; word-level units use Baybayin syllable tiles; author each paragraph checkpoint as its own ChallengeUnit so checkpointOnSuccess locks earlier lines.

Audit id: T18. Re-verified 2026-09-11 against dev @ cb41a966 (see docs/audit/BACKLOG.md). Duplicate pass: OVL — existing Jira: SALIN-181 (Done, challenge engine), SALIN-209 (Done, glyph outlines).",Story,Highest,ui demo-required audit-2026-09 revised-backlog phase-b,SALIN-127,,B - Core loop,T14,,,SALIN-181,SALIN-209,,,Jeff Andre Millan
SALIN-234,T19,[T19] Complete the Level Results screen,"VictoryScreenUI shows stars and a text summary. Add trace/combat/context accuracy, best combo, hearts, hints, improvement tip, Claim Memory, Replay Level, View Details; use LevelResults stars on the revised path. Acceptance: finishing Level 1 with one heart lost and one hint shows 2 stars, each metric, Best combo, Hints 1, a tip and Claim Memory; Replay keeps prior stars. Covers UF-28, BTN-CLAIM, BTN-REPLAY, Core Mechanics 8.0.

Audit id: T19. Re-verified 2026-09-11 against dev @ cb41a966 (see docs/audit/BACKLOG.md). Duplicate pass: OVL — existing Jira: SALIN-183 (IP, metrics/Results parent), SALIN-202 (Done, L1 Results slice).",Story,High,ui demo-required audit-2026-09 revised-backlog phase-b,SALIN-127,,B - Core loop,T07,,,SALIN-183,,,,Jeff Andre Millan
SALIN-235,T20,[T20] Add the Ready for Defense screen and a practice checkpoint,"Combat starts immediately after learning. Add ReadyForDefenseScreenUI (enemy types, clue forms, hearts, Defend the Scroll) and persist practice-complete so Back to Map keeps practice. Acceptance: screen appears after practice; leaving and re-entering skips story and practice. Covers UF-16, BTN-READY, Global Safe Saving.

Audit id: T20. Re-verified 2026-09-11 against dev @ cb41a966 (see docs/audit/BACKLOG.md). Duplicate pass: NEW — existing Jira: none. Ruling OQ-3 (2026-09-12): the practice checkpoint follows the same rule as T58 (saved after every completed unit).",Story,Medium,ui flow demo-required audit-2026-09 revised-backlog phase-b,SALIN-127,,B - Core loop,T08,T13,,,,,,Jeff Andre Millan
SALIN-236,T21,[T21] Rebuild the Level Failed screen with checkpoint recovery,"Defeat shows hearts and a whole-level Retry that replays every card. Add cause of failure, missed symbols, Retry Checkpoint (wave or restoration), Review Symbols, Restart Level, Exit to Map; promote the paused-run snapshot to a checkpoint. Acceptance: losing on wave 3 names the breached symbols; Retry Checkpoint restarts wave 3 with full hearts and no cards; Review Symbols opens practice. Covers UF-31, UF-32, BTN-RESTART-WAVE, Global Three Hearts.

Audit id: T21. Re-verified 2026-09-11 against dev @ cb41a966 (see docs/audit/BACKLOG.md). Duplicate pass: OVL — existing Jira: SALIN-135 (Done, clean retry), SALIN-181 (checkpoint reset). Ruling OQ-3 (2026-09-12): Retry Checkpoint returns to the last cleared wave or the last completed syllable placement.",Story,High,ui flow demo-required audit-2026-09 revised-backlog phase-b,SALIN-127,,B - Core loop,T20,,,SALIN-135,,,,Jeff Andre Millan
SALIN-237,T22,[T22] Pause menu: Restart Wave and objective quick view,"Restart reloads the whole level; no objective/words/symbols shown. Implement wave-level restart via the checkpoint and add the quick view. Acceptance: Restart Wave on wave 2 restarts wave 2 only; pause lists target words and symbols in play. Covers UF-22, BTN-RESTART-WAVE.

Audit id: T22. Re-verified 2026-09-11 against dev @ cb41a966 (see docs/audit/BACKLOG.md). Duplicate pass: OVL — existing Jira: SALIN-141 (Done, pause/restart/leave).",Story,Medium,ui audit-2026-09 revised-backlog phase-b,SALIN-127,,B - Core loop,T20,,,SALIN-141,,,,Jeff Andre Millan
SALIN-238,T23,"[T23] Heart-loss beat: freeze, show the missed clue, queue it for review","A breach only decrements hearts. Add a brief freeze, show the missed glyph and syllable, re-queue that symbol as a later clue in the same wave. Acceptance: on breach the field freezes about a second, missed clue shown, symbol reappears later. Covers UF-21, Global Three Hearts.

Audit id: T23. Re-verified 2026-09-11 against dev @ cb41a966 (see docs/audit/BACKLOG.md). Duplicate pass: NEW — existing Jira: none.",Story,Medium,combat audit-2026-09 revised-backlog phase-b,SALIN-127,,B - Core loop,,,,,,,,Jon Wayne Cabusbusan
SALIN-239,T25,[T25] Save-status indicator at safe checkpoints,"No visible save feedback. Add SaveStatusIndicator driven by CampaignSaveService.TryCommit results (text plus icon). Acceptance: level completion shows Saving then Saved; forced I/O failure shows Save failed retrying. Covers Global Safe Saving.

Audit id: T25. Re-verified 2026-09-11 against dev @ cb41a966 (see docs/audit/BACKLOG.md). Duplicate pass: NEW — existing Jira: none (SALIN-140 is the write, not the indicator).",Task,Low,ui save audit-2026-09 revised-backlog phase-b,SALIN-127,,B - Core loop,T07,,,,,,,Jeff Andre Millan
SALIN-240,T26,[T26] Memory Card screen and Memory Archive,"unlockedMemoryIds are stored but there is no card or archive UI. Add memory card data, MemoryCardUI (front/back, words, Baybayin, lore, number), MemoryArchive scene grouped by era with filters and locked silhouettes, menu entry. Acceptance: claiming Level 1 shows the INA/AMA card; archive shows it unlocked and Levels 2-15 as silhouettes with Earn in Level n. Covers UF-29, UF-39, BTN-ARCHIVE. Ruling 2026-09-11: memory card art and cutscene panel art are in scope; the team will produce them.

Audit id: T26. Re-verified 2026-09-11 against dev @ cb41a966 (see docs/audit/BACKLOG.md). Duplicate pass: OVL — existing Jira: SALIN-160 (To Do, review characters/words/memories).",Story,Medium,ui demo-required audit-2026-09 revised-backlog phase-b,SALIN-131,,B - Core loop,T19,,,SALIN-160,,,,Jeff Andre Millan
SALIN-242,T27,[T27] Wire the prologue cinematic with Skip and a viewed flag,"Level1_Opening.asset exists but LevelCutsceneMapping is empty and the skip button is force-hidden (CutscenePlayer.cs:75-76,725-729). Map it before Level 1, restore Skip, persist a prologue-viewed flag, Filipino copy. Acceptance: fresh journey plays the prologue with Skip; second launch skips it; Reset Journey brings it back. Covers UF-04, UF-05, BTN-SKIP.

Audit id: T27. Re-verified 2026-09-11 against dev @ cb41a966 (see docs/audit/BACKLOG.md). Duplicate pass: OVL — existing Jira: SALIN-102 (Done, cutscene content), SALIN-114 (Done, tap-anywhere).",Story,High,content demo-required audit-2026-09 revised-backlog phase-c,SALIN-127,,C - Level content,T08,,,SALIN-102,,,,Jon Wayne Cabusbusan
SALIN-243,T28,[T28] Level Preview screen,"Tapping a level loads gameplay directly. Add LevelPreviewPanel with title, story summary, target words (tap to hear), new symbols, best stars, Enter Memory; route Next Level through it. Acceptance: tapping Level 2 shows Mga Mata ng Bata, BATA/MATA, BA/TA, best stars; Enter Memory starts the level. Covers UF-10, BTN-NEXT-LEVEL, Core Mechanics 1.0.

Audit id: T28. Re-verified 2026-09-11 against dev @ cb41a966 (see docs/audit/BACKLOG.md). Duplicate pass: OVL — existing Jira: SALIN-138 (Done, in-level intro preview).",Story,High,ui demo-required audit-2026-09 revised-backlog phase-c,SALIN-127,,C - Level content,T06,,,SALIN-138,,,,Jon Wayne Cabusbusan
SALIN-244,T29,[T29] Mission Objective card,"No objective screen. Add MissionObjectiveCard after the story with story goal, language goal, combat goal, hearts, final restoration condition; Study Words continues. Acceptance: Level 1 card reads Restore INA and AMA with final syllable MA. Covers UF-12, Completion Rules Story viewed.

Audit id: T29. Re-verified 2026-09-11 against dev @ cb41a966 (see docs/audit/BACKLOG.md). Duplicate pass: OVL — existing Jira: SALIN-138 (Done).",Story,Medium,ui demo-required audit-2026-09 revised-backlog phase-c,SALIN-127,,C - Level content,T28,,,SALIN-138,,,,Jon Wayne Cabusbusan
SALIN-245,T30,"[T30] Focus-word preview: images, tap-to-hear, Baybayin slots, inspection gating","Preview is one static text block. Add per-word image slot, meaning, syllable buttons that speak, empty Baybayin slots, Continue disabled until both words tapped. Acceptance: Level 1 shows two word cards meeting UF-13. Covers UF-13, BTN-HEAR, Core Mechanics 3.0.

Audit id: T30. Re-verified 2026-09-11 against dev @ cb41a966 (see docs/audit/BACKLOG.md). Duplicate pass: OVL — existing Jira: SALIN-138 (Done: 'both words and their decompositions are readable').",Story,Medium,ui demo-required audit-2026-09 revised-backlog phase-c,SALIN-127,,C - Level content,T09,,,SALIN-138,,,,Chad Denard Andrada
SALIN-246,T31,[T31] Stroke-order animation on the symbol lesson,"Cards are static. Animate each glyph stroke by stroke from Resources/Templates data with Replay Stroke and Replay Sound. Acceptance: each Level 1 card animates and both replay buttons work. Covers UF-14, Core Mechanics 4.0.

Audit id: T31. Re-verified 2026-09-11 against dev @ cb41a966 (see docs/audit/BACKLOG.md). Duplicate pass: NEW — existing Jira: none (SALIN-209 Done supplies the outline art).",Story,Medium,ui demo-required audit-2026-09 revised-backlog phase-c,SALIN-131,,C - Level content,T12,,,SALIN-209,,,,Chad Denard Andrada
SALIN-247,T35,[T35] Redesign Level 5 and Level 10 combat per the Q5 ruling,"Both are legacy boss fights with no waves; team ruled to follow the workbook: mixed armored waves alternating with paragraph blanks, no boss; El Inquisidor and Superintendent retired. Update Level5/10_Config waves, bossConfig, allowedCharacters. Acceptance: Level 5 plays mixed waves with a two-hit enemy and (if ruled) a boss phase; every glyph asked is in the Ugat pool. Covers Level Flow L5/L10, Completion Rules Combat wave, UF-17. Also remove El Inquisidor and Superintendent from AlmanacEnemyRegistry_Default and BossDiscovery flows. Depends on T66 for alternating wave/paragraph segments.

Audit id: T35. Re-verified 2026-09-11 against dev @ cb41a966 (see docs/audit/BACKLOG.md). Duplicate pass: OVL — existing Jira: SALIN-147, SALIN-152 (three-phase Paglimot at L5/L10), SALIN-184 (IP), SALIN-169 (Done). Ruling OQ-2 (2026-09-12): no boss at Levels 5/10; SALIN-184 rescoped to Level 15 only; SALIN-147/152 AC to be amended to waves + paragraph.",Story,High,content demo-required audit-2026-09 revised-backlog phase-c,SALIN-126,,C - Level content,T01,T04,T66,SALIN-184,SALIN-147,SALIN-152,,Ian Clyde Tejada
SALIN-248,T36,[T36] Ugnayan slice: Author Ugnayan (Levels 6-10) narrative assets,"No intro/outro dialogue, per-word dialogue, memory cutscene or rewardIds for Era 2. Generate Dialogue_Ugnayan0N_* and Cutscene_Ugnayan0N_Memory from docs/content/ugnayan-levels-6-10-narrative.md, wire into Level6-10_Config and Era_02. Acceptance: Level 6 opens with dialogue, each focus word has an explanation, completion plays a memory and awards memory.ugnayan.01. Covers UF-11, UF-27, Level Flow L6-L10.

Audit id: T36. Re-verified 2026-09-11 against dev @ cb41a966 (see docs/audit/BACKLOG.md). Duplicate pass: OVL — existing Jira: SALIN-173 (IP parent: 'later eras require additional slices'), SALIN-205 (Ugat slice pattern).",Story,Medium,content language demo-required audit-2026-09 revised-backlog phase-c,SALIN-129,,C - Level content,T01,T11,,SALIN-173,,,,Ian Clyde Tejada
SALIN-249,T37,"[T37] Ugnayan slice: Author challenge sequences for Levels 6, 7, 8, 10","These levels have no challengeSequence. Create Challenge_Ugnayan06/07/08/10_Context.asset matching each spec row (L6 feeling vs action, L7 drag KASAMA to the group, L8 cause/result blanks, L10 per Q4). Covers Level Flow L6/L7/L8/L10, UF-24.

Audit id: T37. Re-verified 2026-09-11 against dev @ cb41a966 (see docs/audit/BACKLOG.md). Duplicate pass: OVL — existing Jira: SALIN-172 (IP parent), SALIN-148–152 (IP stories).",Story,Medium,content demo-required audit-2026-09 revised-backlog phase-c,SALIN-129,,C - Level content,T01,T11,T66,SALIN-172,SALIN-152,,,Ian Clyde Tejada
SALIN-250,T38,"[T38] Author Level 13 (SANGA, HARAYA) with a context-selected RA","Level 13 has no focus words, pool or requirements because CampaignLevelDataTool cannot select value.ra. Add per-syllable spoken-value selection and author Level13_Config. Acceptance: validator clean for Level 13; preview shows HARAYA as ha·ra·ya. Covers Level Flow L13, Character Mastery DA/RA.

Audit id: T38. Re-verified 2026-09-11 against dev @ cb41a966 (see docs/audit/BACKLOG.md). Duplicate pass: OVL — existing Jira: SALIN-155 (IP, L13 story; AC assumes DA/RA share one glyph). Ruling OQ-6 (2026-09-12): DA and RA are separate characters; SALIN-155 AC to be amended.",Story,Medium,content language demo-required audit-2026-09 revised-backlog phase-c,SALIN-130,,C - Level content,T09,,,SALIN-155,,,,Chad Denard Andrada
SALIN-251,T39,[T39] Pamana slice: Author Pamana (Levels 11-15) narrative assets,"Same gap as T36 for Era 3; copy drafted in docs/content/pamana-levels-11-15-narrative.md. Create Dialogue_Pamana0N_*, Cutscene_Pamana0N_Memory, wire into Level11-15_Config and Era_03. Covers UF-11, UF-27, Level Flow L11-L15.

Audit id: T39. Re-verified 2026-09-11 against dev @ cb41a966 (see docs/audit/BACKLOG.md). Duplicate pass: OVL — existing Jira: SALIN-173 (IP parent).",Story,Medium,content language demo-required audit-2026-09 revised-backlog phase-c,SALIN-130,,C - Level content,T01,,,SALIN-173,,,,Ian Clyde Tejada
SALIN-252,T40,[T40] Pamana slice: Author Level 13 challenge and the Level 15 final text,"Create Challenge_Pamana13_Context.asset and update Challenge_Pamana15_Context.asset per the Q4 ruling. Acceptance: Level 13 restores SANGA and HARAYA in the sentence; Level 15 restores the ruled text ending in MALAYA. Covers Level Flow L13/L15, UF-36, UF-37.

Audit id: T40. Re-verified 2026-09-11 against dev @ cb41a966 (see docs/audit/BACKLOG.md). Duplicate pass: OVL — existing Jira: SALIN-155, SALIN-158 (IP).",Story,Medium,content demo-required audit-2026-09 revised-backlog phase-c,SALIN-130,,C - Level content,T37,T38,T66,SALIN-158,SALIN-155,,,Chad Denard Andrada
SALIN-253,T42,[T42] Era Completion scene and Next Era Unlock,"No era completion screen. Add EraCompletionScreenUI after Results on era-local level 5 with ending line, five memory cards, mastery summary, Enter Next Era; author Era ending lines. Acceptance: finishing Level 5 shows the Ugat ending line, five cards and Enter Next Era opening Era 2. Covers UF-33, UF-34, BTN-NEXT-ERA.

Audit id: T42. Re-verified 2026-09-11 against dev @ cb41a966 (see docs/audit/BACKLOG.md). Duplicate pass: OVL — existing Jira: SALIN-147/152 ('era ending is shown'), SALIN-137 (Done, next-era unlock).",Story,Medium,ui content demo-required audit-2026-09 revised-backlog phase-c,SALIN-127,,C - Level content,T26,T36,,SALIN-147,,,,Ian Clyde Tejada
SALIN-254,T43,[T43] Ending cinematic and post-game hub; decide Endless Mode,"No ending; completing Level 15 unlocks an inert Endless Mode not in spec. Add ending cutscene, campaign-complete flag, post-game menu (Mastery Challenge, Replay, Archive, Codex, Ending Gallery); spec or remove Endless Mode. Covers UF-38, UF-41.

Audit id: T43. Re-verified 2026-09-11 against dev @ cb41a966 (see docs/audit/BACKLOG.md). Duplicate pass: OVL — existing Jira: SALIN-158 (IP: completed-journey state, review/replay/Credits, Endless clause).",Story,Low,ui content demo-required audit-2026-09 revised-backlog phase-c,SALIN-127,,C - Level content,,,,SALIN-158,,,,Jon Wayne Cabusbusan
SALIN-255,T44,[T44] Living Scroll hub,"No hub between menu and era map. Add Hub scene with three chambers, progress, locked-era requirements, quick links. Acceptance: Continue opens the hub; locked eras read Complete Ugat Level 5; tapping Ugat opens the map. Covers UF-08, UF-06.

Audit id: T44. Re-verified 2026-09-11 against dev @ cb41a966 (see docs/audit/BACKLOG.md). Duplicate pass: NEW — existing Jira: none.",Story,Low,ui demo-required audit-2026-09 revised-backlog phase-c,SALIN-127,,C - Level content,T28,,,,,,,Jon Wayne Cabusbusan
SALIN-256,T45,"[T45] Main menu completeness: progress display, Exit, archive entry","Menu lacks era/level/completion display, Exit, and Memory Archive; per team ruling Q6 New Journey stays in Settings behind confirmation. Acceptance: menu shows Ugat Level 3 13%; Reset Journey in Settings confirms then plays the prologue; Exit confirms then quits on device; archive opens. Covers UF-03, UF-06, UF-07, BTN-START, BTN-CONTINUE, BTN-EXIT.

Audit id: T45. Re-verified 2026-09-11 against dev @ cb41a966 (see docs/audit/BACKLOG.md). Duplicate pass: OVL — existing Jira: SALIN-136 (Done, routing), SALIN-142 (Done, reset).",Story,Medium,ui demo-required audit-2026-09 revised-backlog phase-c,SALIN-127,,C - Level content,T07,T26,T27,SALIN-136,,,,Jon Wayne Cabusbusan
SALIN-257,T47,"[T47] Glyph badge, almanac, and level-number art for remaining symbols and levels","Badges exist for 7 of 17 symbols (none of Level 1's four), Almanac art for 7, numbered scrolls for Levels 1-5 only. Produce and assign the missing art. Acceptance: Level 1 enemies carry framed glyph badges; Era 2 and 3 show numbered scrolls. Covers UF-09, UF-17, UF-40.

Audit id: T47. Re-verified 2026-09-11 against dev @ cb41a966 (see docs/audit/BACKLOG.md). Duplicate pass: OVL — existing Jira: SALIN-176 (IP, asset parent), SALIN-206 (IP, Ugat art slice).",Task,Medium,art demo-required audit-2026-09 revised-backlog phase-c,SALIN-36,,C - Level content,,,,SALIN-176,,,,Ian Clyde Tejada
SALIN-262,T50,[T50] Narration toggle and captions for audio clues,"No captions or narration toggle exist. Add settings and a caption label; every pronunciation shows its syllable as text when captions are on; narration off keeps dialogue text. Covers UF-42, Global Audio Clues, Global Hints.

Audit id: T50. Re-verified 2026-09-11 against dev @ cb41a966 (see docs/audit/BACKLOG.md). Duplicate pass: OVL — existing Jira: SALIN-164 (To Do: 'equivalent readable visual cue or caption').",Story,Medium,accessibility audit-2026-09 revised-backlog phase-d,SALIN-132,,D - Polish and accessibility,,,,SALIN-164,,,,Ian Clyde Tejada
SALIN-263,T51,"[T51] Reduced motion / reduced flash, larger hearts, hearts numeral","No motion setting; hearts are colour-only (HeartDisplay.cs:208). Add Reduced Motion (no shake/flash), Large Hearts, and a 3/3 numeral beside the hearts. Covers UF-42, Global Three Hearts, Difficulty Assist.

Audit id: T51. Re-verified 2026-09-11 against dev @ cb41a966 (see docs/audit/BACKLOG.md). Duplicate pass: OVL — existing Jira: SALIN-164 ('reduced-effects … enabled').",Story,Medium,accessibility audit-2026-09 revised-backlog phase-d,SALIN-132,,D - Polish and accessibility,,,,SALIN-164,,,,Ian Clyde Tejada
SALIN-264,T52,"[T52] Text speed, font size, high contrast, Restore Defaults, Apply","Settings has only three audio sliders. Add text speed (drives DialogueController typewriter), font size, high contrast, Restore Defaults and Apply; persist across restart. Covers UF-42, BTN-SETTINGS.

Audit id: T52. Re-verified 2026-09-11 against dev @ cb41a966 (see docs/audit/BACKLOG.md). Duplicate pass: OVL — existing Jira: SALIN-164 ('readable … smallest supported screen').",Story,Medium,accessibility audit-2026-09 revised-backlog phase-d,SALIN-132,,D - Polish and accessibility,,,,SALIN-164,,,,Ian Clyde Tejada
SALIN-265,T53,[T53] Haptics toggle,"Rescoped by ruling Q13: the whole-screen drawing surface is the trace pad, so only a Haptics toggle remains (vibrate on correct trace, persisted). Covers UF-42, UF-15.

Audit id: T53. Re-verified 2026-09-11 against dev @ cb41a966 (see docs/audit/BACKLOG.md). Duplicate pass: NEW — existing Jira: none.",Task,Low,accessibility audit-2026-09 revised-backlog phase-d,SALIN-132,,D - Polish and accessibility,,,,,,,,Ian Clyde Tejada
SALIN-266,T54,[T54] Finalize English player-facing copy,"Rescoped by ruling Q16: English applies to UI copy only; story dialogue, focus-word explanations and cutscenes stay Filipino (ruling 2026-09-11). No language setting. Review and finalize LevelLockNoticePanel, ChallengeModeUI, DrawingFeedbackVocabulary, PauseMenuUI and ResetJourneyFlow strings and remove placeholder comments. Covers UF-09, UF-25, UF-43.

Audit id: T54. Re-verified 2026-09-11 against dev @ cb41a966 (see docs/audit/BACKLOG.md). Duplicate pass: OVL — existing Jira: SALIN-188 (IP, language review), SALIN-173 (IP).",Story,Medium,language ui audit-2026-09 revised-backlog phase-d,SALIN-127,,D - Polish and accessibility,,,,SALIN-188,,,,Jon Wayne Cabusbusan
SALIN-267,T55,[T55] Emit the BTN-* tracking events to a local offline event log,"None of the 25 tracking events exist; RecognitionLogger covers recognition only. Add UiEventLogger writing a local CSV and hook every button handler. Acceptance: a Level 1 playthrough logs new_journey_started, practice_started, combat_started, restoration_submitted, memory_claimed etc. Covers Button and UI Rules Tracking Event column.

Audit id: T55. Re-verified 2026-09-11 against dev @ cb41a966 (see docs/audit/BACKLOG.md). Duplicate pass: OVL — existing Jira: SALIN-191 (IP: 'privacy-safe local educational telemetry'), SALIN-35 (Done).",Task,Low,analytics audit-2026-09 revised-backlog phase-d,SALIN-51,,D - Polish and accessibility,,,,SALIN-191,,,,Jon Wayne Cabusbusan
SALIN-268,T56,[T56] Character Codex upgrade and fold free practice into it,"Almanac shows a grid and description only. Add spoken values, first/later uses, four mastery bars from LearningStateSnapshot, Practice Symbol opening the tracing practice surface (the Tracing Dojo scene becomes reachable only from the Codex; remove the main-menu Tracing Dojo button, ruling 2026-09-11), locked cells naming the era. Enemies tab kept (ruling Q15): list the 18 corrupted enemies keyed to symbols with T62 lore, no legacy colonial enemies. Covers UF-40, BTN-CODEX, BTN-PRACTICE, Character Mastery. Note: depends on T62 (higher id) by design; the Codex cannot list enemy lore before it exists.

Audit id: T56. Re-verified 2026-09-11 against dev @ cb41a966 (see docs/audit/BACKLOG.md). Duplicate pass: OVL — existing Jira: SALIN-160 (To Do, review screen), SALIN-159 (Done, practice), SALIN-118 (Done, Almanac).",Story,Medium,ui demo-required audit-2026-09 revised-backlog phase-d,SALIN-131,,D - Polish and accessibility,T05,T07,T62,SALIN-160,SALIN-159,,,Chad Denard Andrada
SALIN-269,T57,[T57] Difficulty Assist settings,"No player-facing assist. Add settings to slow enemies, extend the trace window, show one stroke, control guide opacity; show an assist icon in results details; mandatory objectives stay required. Covers Global Difficulty Assist, UF-32.

Audit id: T57. Re-verified 2026-09-11 against dev @ cb41a966 (see docs/audit/BACKLOG.md). Duplicate pass: OVL — existing Jira: SALIN-164 ('learning-speed assistance').",Story,Low,accessibility audit-2026-09 revised-backlog phase-d,SALIN-132,,D - Polish and accessibility,T10,,,SALIN-164,,,,Ian Clyde Tejada
SALIN-270,T58,[T58] Persist the mid-level checkpoint and implement Save and Exit,"Pause-leave keeps an in-memory snapshot only, lost on app kill; no Save and Exit. Persist the checkpoint into the save document and relabel the pause exit. Acceptance: Save and Exit on wave 3, kill the app, relaunch, Continue resumes at wave 3 with the same hearts. Covers UF-43, BTN-EXIT, Global Safe Saving.

Audit id: T58. Re-verified 2026-09-11 against dev @ cb41a966 (see docs/audit/BACKLOG.md). Duplicate pass: OVL — existing Jira: SALIN-165 (To Do: relaunch restarts 'from a clean attempt rather than loading a partial checkpoint'), SALIN-141 (Done). Ruling OQ-3 (2026-09-12): checkpoint after every cleared wave and every completed syllable placement; relaunch resumes there. SALIN-165 AC to be amended accordingly.",Story,Medium,save audit-2026-09 revised-backlog phase-d,SALIN-127,,D - Polish and accessibility,T20,,,SALIN-165,,,,Jeff Andre Millan
SALIN-271,T59,[T59] Update the workbook with the code-is-better findings,"AUDIT.md section 5.5 lists seven behaviours (atomic save, flow machine, deterministic clue, hidden recognizer score, mastery model, reset copy, star formula) that should become spec rows. Update the workbook and docs/system/06. Covers Global Safe Saving, Core Mechanics Enemy target/Victory, UF-20, UF-28, UF-40, UF-07.

Audit id: T59. Re-verified 2026-09-11 against dev @ cb41a966 (see docs/audit/BACKLOG.md). Duplicate pass: OVL — existing Jira: SALIN-186 (Done, doc sync), SALIN-167 (Done, matrix).",Task,Low,spec audit-2026-09 revised-backlog phase-d,SALIN-127,,D - Polish and accessibility,T01,,,SALIN-186,,,,Jon Wayne Cabusbusan
SALIN-258,T60,[T60] Present levels as Era N Level 1-5 everywhere,"Team ruling 2026-09-11: three eras of five levels; never show global 1-15. Update LevelLockNoticePanel copy, VictoryScreenUI last-level check, WaveManager registry lookup, Level*_Config levelName, and content asset naming. Acceptance: every player-facing string reads Ugat Level 2 or Era 1 Level 2; lock notice for Era 2 Level 1 says Finish Ugat Level 5. Covers Game Overview Structure, UF-09, UF-10, UF-28, UF-30.

Audit id: T60. Re-verified 2026-09-11 against dev @ cb41a966 (see docs/audit/BACKLOG.md). Duplicate pass: OVL — existing Jira: SALIN-185 (Done, naming).",Story,High,ui data demo-required audit-2026-09 revised-backlog phase-c,SALIN-127,,C - Level content,T06,,,SALIN-185,,,,Jon Wayne Cabusbusan
SALIN-259,T61,[T61] Implement the designed abilities for the corrupted enemies,"Ruling R6 (2026-09-11): the per-enemy combat-time rule sheet is in AUDIT.md 6.3, each mapped to an existing hook (ActiveCluePresenter, ActiveClueDirector, StrokeCapture, Enemy.TakeDamage, WaveManager, ChallengeSession). Built: Labo, Mantsa, Takip, Iligaw (add zigzag data). Partial: Salungat (add mirrored badge tell), Walang-Awa (add no-mercy tell). To build: Abo ng Simula, Uhaw, Bakod, Kadena, Daan-Lihis, Gapos, Hati, Nawalang Mukha, Ngatngat, Punit, Yapos ng Dilim. Split one sub-task per enemy; Ugat six first (A, E/I, BA, MA, NA, TA). Acceptance per enemy: the effect in the rule sheet is visible in play and covered by CorruptionSignatureAbilityTests.

Audit id: T61. Re-verified 2026-09-11 against dev @ cb41a966 (see docs/audit/BACKLOG.md). Duplicate pass: OVL — existing Jira: SALIN-182 (IP, combat variety).",Story,High,combat demo-required audit-2026-09 revised-backlog phase-c,SALIN-2,,C - Level content,,,,SALIN-182,,,,Chad Denard Andrada
SALIN-260,T62,"[T62] Enemy era, lore, and lesson data; retire the colonial era enum","EnemyDataSO.era is Spanish/American/Japanese and the Almanac reveals only Spanish-era entries. Replace with Ugat/Ugnayan/Pamana, add corruptedMeaning, trueMeaning, lore and restoredLesson fields, author all 17 assets from the 2026-09-11 design, update GeneralAura, AlmanacController gate, EnemyDiscoveryCopyProvider and AlmanacDetailScroll. Ruling C2/C4: enemies move to the era where the spec teaches their symbol (Ugat adds Takip/TA; Ugnayan takes Uhaw/OU and Yapos ng Dilim/YA); replace the era enum with Ugat/Ugnayan/Pamana. Acceptance: defeating Mantsa in Level 1 shows a discovery card with ability, corrupted meaning, true meaning and restored lesson; Almanac groups by the era of first teaching.

Audit id: T62. Re-verified 2026-09-11 against dev @ cb41a966 (see docs/audit/BACKLOG.md). Duplicate pass: OVL — existing Jira: SALIN-185 (Done: 'historical names are archived'), SALIN-176 ('Paglimot manifestations').",Story,High,data content demo-required audit-2026-09 revised-backlog phase-c,SALIN-2,,C - Level content,T05,,,SALIN-185,,,,Chad Denard Andrada
SALIN-225,T63,"[T63] Remove combo powers, Focus Mode, and Endless Mode","Ruling Q15 (2026-09-11): all three are cut. Remove ComboManager/ComboPower, GameConfigSO combo/focus fields, ComboDisplay, FocusModeIndicator, EnemyMover focus multiplier, CombatResolver power effects, HeartSystem shield check, Level 2 ComboTeach/FocusModeTeach beats and sequence, the Endless Mode button and unlock flag; keep or migrate the endlessModeUnlocked save field; remove or rewrite related tests. Acceptance: no combo counter or Focus Mode indicator in any level; Level 2 onboarding no longer teaches combos; no Endless Mode button; suite green.

Audit id: T63. Re-verified 2026-09-11 against dev @ cb41a966 (see docs/audit/BACKLOG.md). Duplicate pass: OVL — existing Jira: SALIN-182 (IP, five-trace powers), SALIN-70 (To Do, Endless unlock), SALIN-117 (Done, L2 focus tutorial).",Task,Medium,cleanup demo-required audit-2026-09 revised-backlog phase-b,SALIN-127,SALIN Sprint 8,B - Core loop,T07,,,SALIN-182,SALIN-70,,,Jeff Andre Millan
SALIN-261,T64,[T64] Design and author the RA enemy,"Ruling C1: DA and RA are separate characters, each with its own enemy; Daan-Lihis stays with DA. Design the RA enemy (appearance, ability, corrupted meaning, true meaning, lore, restored lesson), author EnemyData asset, prefab and art, register in EnemyPool and AlmanacEnemyRegistry, place in Level 13 and 15 waves. Acceptance: Level 13 spawns the RA enemy carrying Char_RA; drawing RA defeats it and DA does not; Almanac Enemies tab shows it in Pamana. Covers Combat design 6.1, Character Mastery RA, Level Flow L13.

Audit id: T64. Re-verified 2026-09-11 against dev @ cb41a966 (see docs/audit/BACKLOG.md). Duplicate pass: NEW — existing Jira: none (SALIN-212 covers RA identity, not an enemy).",Story,Medium,content art demo-required audit-2026-09 revised-backlog phase-c,SALIN-2,,C - Level content,T05,T62,,SALIN-212,,,,Chad Denard Andrada
SALIN-241,T65,[T65] Design and build the Level 2 onboarding replacement,"T63 removes the ComboTeach and FocusModeTeach beats that make up Level2AdvancedOnboardingSequence. The team will supply a replacement design (what Level 2 teaches after Level 1 covers drawing, the base, and heart loss). Build the new OnboardingBeat(s) and sequence asset once the design lands. Acceptance: a first-time player entering Level 2 sees the new onboarding once; second entry skips it; Reset Journey brings it back. Covers UF-05 (tutorial active), Level Flow L2 Learning Flow.

Audit id: T65. Re-verified 2026-09-11 against dev @ cb41a966 (see docs/audit/BACKLOG.md). Duplicate pass: OVL — existing Jira: SALIN-116, SALIN-117 (Done, L2 tutorials).",Story,Medium,onboarding demo-required audit-2026-09 revised-backlog phase-b,SALIN-126,,B - Core loop,T63,,,SALIN-117,,,,Jeff Andre Millan
SALIN-226,T66,[T66] Support alternating defense and restoration segments in the level flow,"Plan review R4: Level Flow L5/L10 say combat alternates with paragraph blanks and L15 restores a paragraph line after each boss phase, but LevelFlowMachine/LevelPhasePlan run Defense once then ContextChallenge once. Add segment lists to LevelConfigSO (wave group -> challenge unit -> wave group ...), let the machine loop Defense/ContextChallenge segments, keep AtomicSave/Results at the end, and expose the segment boundary as a checkpoint for T20/T21. Acceptance: in Level 5, wave 1-2 clear opens paragraph line 1, correct restoration resumes wave 3, and dying in wave 3 restarts wave 3 with line 1 still locked. Covers Level Flow L5/L10/L15, Core Mechanics Victory, UF-23/UF-24.

Audit id: T66. Re-verified 2026-09-11 against dev @ cb41a966 (see docs/audit/BACKLOG.md). Duplicate pass: OVL — existing Jira: SALIN-178 (Done, nine-phase flow), SALIN-184 (IP, continuous restoration).",Story,Highest,flow demo-required audit-2026-09 revised-backlog phase-b,SALIN-127,SALIN Sprint 8,B - Core loop,T11,,,SALIN-178,SALIN-184,,,Jeff Andre Millan
SALIN-227,T67,[T67] Bump the save schema and migrate or reset development saves,"Plan review R5: T05 (symbol.dara -> symbol.da + symbol.ra), T08 (objective flags), T63 (endless flag) all change CampaignSaveDocument/CampaignProgressOutcome; CampaignSaveValidator rejects unknown symbol ids so existing dev saves would block boot. Bump CurrentSaveSchemaVersion, extend CampaignSaveMigrator (or document a one-time dev reset via safe-reset), update CampaignSaveMigrationTests. Acceptance: a save written before T05/T08 opens after them with a migration or safe-reset notice and Level 1 is playable. Covers Global Safe Saving, UF-01.

Audit id: T67. Re-verified 2026-09-11 against dev @ cb41a966 (see docs/audit/BACKLOG.md). Duplicate pass: OVL — existing Jira: SALIN-171 (Done, migration), SALIN-143 (Done).",Task,High,save demo-required audit-2026-09 revised-backlog phase-b,SALIN-127,SALIN Sprint 8,B - Core loop,T05,T08,T63,SALIN-171,,,,Jeff Andre Millan
