Summary,Issue Type,Description,Acceptance Criteria,Component,Priority,Depends On,Source
Level 1 playtest defects,Epic,Defects recorded in the 2026-09-14 Level 1 playtest (progress/2026-09-14-level1-playtest.md) that block a clean Ugat Level 1.,- All child tasks are closed,Epic,Medium,none,15-levels-and-content-coverage.md · LVL-01
Level 1 enemy introduction lesson,Epic,Land the eight-beat enemy lesson from feature/level1-enemy-introduction-lesson and retire the systems it replaces.,- All child tasks are closed,Epic,Medium,none,08-enemies.md · ENM-29
Final-syllable restoration step,Epic,Wire LevelConfigSO.finalRestorationValue into a real trace-and-place step so a level cannot complete without it.,- All child tasks are closed,Epic,Medium,none,10-restoration-and-challenges.md · REST-21
Ugat Level 5 era paragraph,Epic,Author the era paragraph ruling Q4 requires on the fifth Ugat level and bind it to the existing flow segments.,- All child tasks are closed,Epic,Medium,none,10-restoration-and-challenges.md · REST-24
Ugnayan era content (Levels 6-10),Epic,"Author the narrative, challenge and reward content that lets Ugnayan Levels 1-5 complete instead of hitting the content-missing guard.",- All child tasks are closed,Epic,Medium,none,15-levels-and-content-coverage.md · LVL-06
Pamana era content (Levels 11-15),Epic,"Author the narrative, challenge and reward content for Pamana Levels 1-5, including Level 13's RA introduction.",- All child tasks are closed,Epic,Medium,none,15-levels-and-content-coverage.md · LVL-11; 15-levels-and-content-coverage.md · LVL-13; 15-levels-and-content-coverage.md · LVL-15
Paglimot boss encounter (Level 15),Epic,"Build the ruled Level 15 finale: a three-phase Paglimot boss with one paragraph line restored per phase, ending on YA into MALAYA.",- All child tasks are closed,Epic,Medium,none,09-boss-paglimot.md (all outstanding BOSS stories)
Corrupted enemy data model,Epic,"Retire the colonial era enum, add the lore fields the Codex and discovery card need, and clean the enemy registry.",- All child tasks are closed,Epic,Medium,none,08-enemies.md · ENM-32; 08-enemies.md · ENM-33; 08-enemies.md · ENM-34
"Badge, level-number and memory art",Epic,"Art batches the backlog records as missing: glyph badges, Almanac portraits, level-number scrolls, memory cards.",- All child tasks are closed,Epic,Medium,none,05-baybayin-learning.md · LEARN-14; 02-journey-map-and-level-entry.md · MAP-04; 11-results-rewards-and-progression.md · MEM-06
Level Preview screen,Epic,The pre-level preview SALIN-243 was closed for without implementation.,- All child tasks are closed,Epic,Medium,none,02-journey-map-and-level-entry.md · MAP-12
Focus-word preview upgrade,Epic,"Turn the single text block into the spec's word cards with images, tap-to-hear and inspection gating.",- All child tasks are closed,Epic,Medium,none,05-baybayin-learning.md · LEARN-14; 05-baybayin-learning.md · LEARN-15
Codex upgrade and free practice,Epic,Fold free practice into the Codex per ruling D-005 and add the symbol detail the spec asks for.,- All child tasks are closed,Epic,Medium,none,05-baybayin-learning.md · CODEX-06; 05-baybayin-learning.md · PRAC-08
Mid-level checkpoints and Save and Exit,Epic,Persist the paused-run snapshot per ruling OQ-3 so a player can leave mid-level and resume.,- All child tasks are closed,Epic,Medium,none,12-pause-fail-retry-and-edge-cases.md · FAIL-09
Wave restart and defeat recovery,Epic,Give the pause and defeat screens the checkpoint-aware controls SALIN-236/237 were closed for.,- All child tasks are closed,Epic,Medium,none,12-pause-fail-retry-and-edge-cases.md · FAIL-05; 12-pause-fail-retry-and-edge-cases.md · FAIL-07; 12-pause-fail-retry-and-edge-cases.md · FAIL-07; 12-pause-fail-retry-and-edge-cases.md · FAIL-12; 12-pause-fail-retry-and-edge-cases.md · FAIL-15
Heart-loss breach beat,Epic,The freeze / show-missed-clue / re-queue beat SALIN-238 was closed for without implementation.,- All child tasks are closed,Epic,Medium,none,07-combat-and-defense.md · CMB-26
Campaign ending sequence,Epic,Ending cutscene and campaign-complete state after Pamana Level 5.,- All child tasks are closed,Epic,Medium,none,03-story-and-dialogue.md · STORY-13
Accessibility and settings,Epic,The settings backlog SALIN-262..265 and SALIN-269 describe; all currently absent from SettingsPanel.,- All child tasks are closed,Epic,Medium,none,14-accessibility-and-settings.md (all outstanding ACC stories)
Fix Juan not rendering in the Level 1 play column,Task,"The 2026-09-14 playtest saw no protagonist during dialogue, Wave 1 or Wave 2 although ProtagonistManager is present. _slashVfxPrefab has since been assigned (7395d66a) so the VFX warning is gone, and c3cf9612 chose to lower the camera rather than crop the viewport specifically so Juan, who stands below the fence, is not cut off. Neither change has been confirmed in play: the original defect is still unverified either way.","- Playing Level 1 in the Editor Simulator view, Juan's idle sprite is visible in the play column during the intro dialogue, Wave 1 and Wave 2
- No ProtagonistManager or ProtagonistAttackController warning appears in Editor.log during the run
- A Wave 1 screenshot showing Juan is saved under progress/",Level 1 playtest defects,High,none,07-combat-and-defense.md · CMB-19
Enlarge the in-combat tutorial text to the dialogue body size,Task,The 'DRAW THE GLOWING SYMBOL TO DEFEND' overlay is unreadable at phone size (playtest defect 6).,"- The in-combat tutorial TMP text uses a font size greater than or equal to the DialogueController body font size
- A 360x640 Wave 1 screenshot with the text visible is saved under progress/",Level 1 playtest defects,High,none,13-hud-audio-and-feedback.md · HUD-11
Sequence wave-start overlays so only one interactive panel is open at a time,Task,"At wave start the wave banner, tutorial overlay, glyph badge and discovery card all appeared together (playtest defect 9). Three of the four contributors have since been addressed: 8debc76a cut the miss message and two backing overlays, f41fc858 stopped the discovery overlay pausing and spotlighting on introduction spawns, and the introduction beat now adopts the scene’s spotlight overlay instead of creating a second one. What remains is the wave banner and the tutorial overlay still opening in the same frame.","- At Wave 1 start no more than one overlay containing a Button is active in the Hierarchy on any frame
- The wave banner and the tutorial overlay each close or time out before the next opens
- Re-checked in play, not only in the Hierarchy",Level 1 playtest defects,High,none,13-hud-audio-and-feedback.md · HUD-11
Style the symbol card Listen control to match the Continue button,Task,Listen is a default flat-blue Unity button stacked against the gold pixel-art Continue (playtest defect 5).,"- Listen uses the same button sprite, font asset and font size as Continue on the symbol learning card
- The vertical gap between Listen and Continue equals the gap between Level Select buttons within 2 px",Level 1 playtest defects,Medium,none,14-accessibility-and-settings.md · ACC-19
Fix discovery card body text truncation,Task,The Hati discovery card cuts its text mid-word with overlap on the right edge (playtest defect 8).,"- Every one of the 18 corruption enemies' description strings renders in the discovery card with TMP_Text.isTextOverflowing false (EditMode test)
- The Hati card renders its full description at 360x640 with no overlap",Level 1 playtest defects,High,none,08-enemies.md · ENM-33
Replace the Level Select avatar with the new Juan art,Task,Level Select still shows the old pixel protagonist (playtest defect 12).,"- The avatar Image on LevelSelect.unity references a sprite from the Juan package landed in f35de96d
- The old protagonist sprite GUID has no remaining references in LevelSelect.unity",Level 1 playtest defects,Low,none,08-enemies.md · ENM-10
Regenerate the tiled sprite that triggers the Full Rect warning,Task,'Sprite Tiling might not appear correctly because the Sprite used is not generated with Full Rect' logs on every scene load (playtest defect 13).,- The warning no longer appears in Editor.log on any scene load,Level 1 playtest defects,Low,none,COVERAGE.md · FX-06
"Play Level 1 end to end and record the Victory, Retry and Defeat outcomes",Task,"The playtest stopped at Wave 2; Victory, Retry and Defeat were never reached.","- A report under progress/ records reaching the Results screen from a fresh journey, with a screenshot
- The report records the Retry path from the defeat overlay and the defeat overlay itself, each with a screenshot
- The report records pronunciation audibility on device as heard or not heard for each Level 1 symbol",Level 1 playtest defects,High,Fix Juan not rendering in the Level 1 play column; Assign _slashVfxPrefab on the ProtagonistManager prefab,15-levels-and-content-coverage.md · LVL-01
Play Level 2 first-time entry and record the level with no onboarding sequence,Task,"SALIN-241’s manual check was never run, and the thing it was written to check is gone: 8131a6b8 cleared Level2_Config.onboardingSequence, so Level 2 now matches Levels 3-5 and carries no onboarding at all. The MassClearTeach beat taught a mechanic (multiKillChainEnabled) that is 0 on every Ugat level. What needs recording is that the level opens straight into play with no orphaned beat, and that the retuned spawn pacing lands.","- A report under progress/ records Level 2 first entry opening straight into play with no onboarding overlay
- The report records the level’s wall-clock length against the ~85 s it was authored for
- The report records A, E/I and NA (Level 1 symbols, off-target filler) appearing on screen during Level 2",Level 1 playtest defects,Medium,none,04-level-flow.md · FLOW-18
Play Ugat Level 5 end to end and record segment and armour behaviour,Task,SALIN-283's manual gate was never run.,"- A report under progress/ records the order wave group 1, restoration, wave group 2
- The report records Walang-Awa surviving two correct draws and dying on the third
- The report records reaching the Results screen",Level 1 playtest defects,High,Bind Level 5's flow segments to the paragraph units,15-levels-and-content-coverage.md · LVL-05
Normalize main-menu button spacing and clear the home-indicator zone,Task,Button gaps run 53/107/54/55/44/36/33 px and SANDBOX sits in the gesture zone (playtest defect 10).,"- All vertical gaps between adjacent main-menu buttons are equal within 2 px
- No button rect intersects the bottom 34 px of the safe area on the iPhone 12 Pro Max simulator",Main Menu,Low,none,01-app-entry-and-main-menu.md · MM-22
Decide the enemy discovery overlay’s remaining scope,Task,"The deletion ruling rested on both being dead code. That premise is false and was corrected by eea01436: EnemyDiscoveryOnboardingController is live in Gameplay.unity and Level_01_Tutorial.unity and is the sole writer of EnemyDiscoveryProgress, which the Almanac reads. The conflict it caused — its EnterDialoguePause firing on the same spawn as EnemyIntroductionBeat, which promises live input — is already fixed by f41fc858, which keeps the discovery record and skips the pause, spotlight and panel on introduction spawns. What is left is a decision, not a deletion: whether the overlay’s panel path still has a job on non-introduction spawns, or whether its data write should move to EnemyIntroductionBeat so the controller can go.","- A ruling is recorded naming which system owns the EnemyDiscoveryProgress write
- If the overlay is retired, EnemyDiscoveryProgress still gains an entry for every enemy the player meets and the Almanac still unlocks
- EnemyDiscoveryOverlaySceneTests is updated or removed to match the ruling
- EditMode suite passes",Level 1 enemy introduction lesson,Medium,Merge feature/level1-enemy-introduction-lesson into dev,08-enemies.md · ENM-29
Play a fresh Level 1 and record the eight-beat Iligaw lesson,Task,The lesson is on dev but has never been observed in play. It moved from Abo ng Simula to Iligaw in d66d4db4 — a mirror decoy reads cold where Abo’s ash only registers against an already-restored clue. Level1_Config.enemyLessons references IligawLesson.asset; AboLesson.asset stays on disk unreferenced.,"- A report under progress/ records the eight beats Appear, Ability, React, Generalize, Name, Explain, Glyph, Draw in that order, each with a screenshot
- The report records the mirror copy appearing in the Ability beat and the clue returning after the Draw beat
- The report records beat 2 taking about 2.2 s from split to card, not the 9.46 s it took before d4f98b0a",Level 1 enemy introduction lesson,High,Delete the SoloTeachBeat teach loop,08-enemies.md · ENM-29
Verify each Level 1 taught-glyph enemy is introduced on its first spawn,Task,"The SoloTeachBeat override that suppressed these introductions is gone (f2c7fe60), and 5779ae84 closed the second cause: the beat refused claims for the whole residue-banner lifetime while the spawn schedule had already resumed, so the first type arriving in that window got no card at all. Both fixes are code-verified and neither has been seen in play.","- A report under progress/ records an introduction card for each of Level 1's four enemy types on first spawn
- EnemyIntroductionProgress marks all four as introduced after the run",Level 1 enemy introduction lesson,High,Delete the SoloTeachBeat teach loop,08-enemies.md · ENM-29
Append a final-syllable GuidedTracing unit bound to finalRestorationValue to every restoration,Task,finalRestorationValue is authored on every level but has no runtime reader. Add a trailing GuidedTracing unit that targets it and cannot be bypassed.,"- After the last authored challenge unit, ChallengeFlowController presents a GuidedTracing unit whose target character is LevelConfigSO.finalRestorationValue
- The unit shows the final focus word with its last slot empty
- ContextChallenge does not report complete until the unit succeeds; no hint, timeout or exit completes it
- On Level 1 the unit targets Char_MA",Final-syllable restoration step,High,none,10-restoration-and-challenges.md · REST-21
Reject any glyph other than finalRestorationValue in the final unit,Task,The final step validates the exact symbol.,"- Tracing NA in Level 1's final unit is rejected with the wrong-glyph feedback and the slot stays empty
- Tracing MA completes the unit
- An EditMode test covers both cases",Final-syllable restoration step,High,Append a final-syllable GuidedTracing unit bound to finalRestorationValue to every restoration,COVERAGE.md · REST-22
Derive finalSyllableRestored from the final unit result,Task,LevelObjectiveFlagResolver hard-codes finalSyllableRestored = true with a TODO(SALIN-229).,"- The hard-coded true and the TODO(SALIN-229) comment are removed
- finalSyllableRestored is true only when the final unit completed in the attempt
- Forcing the flag false through the Editor fault menu keeps the next level locked and the lock notice names the final syllable",Final-syllable restoration step,High,Append a final-syllable GuidedTracing unit bound to finalRestorationValue to every restoration,02-journey-map-and-level-entry.md · MAP-09
Author the Ugat era paragraph units for Challenge_Ugat05_Context,Task,Ruling Q4 requires the era paragraph on Level 5 in addition to IBA and MANA. Source text: docs/content/ugat-levels-2-5-narrative.md.,"- Challenge_Ugat05_Context contains one ParagraphRestoration ChallengeUnit per paragraph line, each with checkpointOnSuccess true
- Earlier Ugat words appear as review blanks; IBA and MANA are the taught slots
- Restorable tokens are root words; affixes and reduplication are fixed text
- Salinlahi > Campaign > Validate reports no error for Level 5",Ugat Level 5 era paragraph,High,none,10-restoration-and-challenges.md · REST-24
Bind Level 5's flow segments to the paragraph units,Task,Level5_Config already has two flowSegments; point each at its paragraph line.,"- Each Level5_Config.flowSegments entry names a paragraph unit id in challengeUnitIds
- In Play Mode, clearing wave group 1 opens paragraph line 1 and a correct line resumes wave group 2",Ugat Level 5 era paragraph,High,Author the Ugat era paragraph units for Challenge_Ugat05_Context,04-level-flow.md · FLOW-08
Show the Skip control during cutscenes,Task,SkipCutscene() exists but its only caller is a button whose root is force-hidden.,"- _skipButtonRoot is active while a cutscene plays
- Tapping it calls SkipCutscene() and the level flow continues
- HideLegacySkipButton() is no longer called from OnEnable or before play",Cutscenes,Medium,none,03-story-and-dialogue.md · STORY-02
Persist a prologue-viewed flag in the campaign save,Task,"No viewed flag exists, so only a full reset restores the prologue.","- CampaignSaveDocument carries a prologueViewed boolean, set true when Level1_Opening completes or is skipped
- CurrentSaveSchemaVersion is incremented and CampaignSaveMigrator defaults the flag to false for older saves
- Journey reset clears the flag",Persistence,Medium,none,03-story-and-dialogue.md · STORY-02
Skip the prologue when the viewed flag is set,Task,Second launch should go straight to the level.,"- On a journey with prologueViewed true, starting Level 1 does not play Level1_Opening
- After Reset Journey the prologue plays again",Cutscenes,Medium,Persist a prologue-viewed flag in the campaign save,03-story-and-dialogue.md · STORY-02
Record and assign a Voice_U pronunciation clip for value.u,Task,Char_OU.value.u is the only unassigned pronunciationClip; no Voice_U clip exists.,"- Assets/Audio/Pronunciation/Voice/Voice_U.mp3 exists
- Char_OU's value.u pronunciationClip references it
- grep for 'pronunciationClip: {fileID: 0}' across Char_*.asset returns nothing",Audio,High,none,05-baybayin-learning.md · LEARN-06
Verify pronunciation clip playback on device for all 18 symbols,Task,Playback has never been heard; the playtest pressed Listen without audible output.,"- A report under progress/ lists each of the 18 symbols as heard or not heard from a device build
- Any silent symbol is filed as a defect ticket",Audio,High,Record and assign a Voice_U pronunciation clip for value.u,05-baybayin-learning.md · LEARN-06
Run a recognizer evaluation separating RA from DA and record the confusion rate,Task,The team confirmed RA/DA separation without measuring it (OI-5).,"- An evaluation over RA_template_01..05 and the DA templates is run and its output saved under progress/
- The report states the RA-classified-as-DA and DA-classified-as-RA counts",Recognition,Medium,none,06-drawing-and-recognition.md · DRAW-16
Animate glyph stroke order on the symbol learning card,Task,SALIN-246 was closed with no animation; the card only replays audio.,"- When a card becomes active it plays the recorded template strokes in order via TutorialAssistAnimator
- An EditMode test asserts the animated stroke count equals the template stroke count for all 18 characters",Learning,Medium,none,05-baybayin-learning.md · LEARN-07
Add a Replay Stroke control to the symbol learning card,Task,Spec pairs Replay Stroke with Replay Sound.,"- A Replay Stroke button restarts the stroke animation
- The button uses the same style as the Continue button",Learning,Medium,Animate glyph stroke order on the symbol learning card,05-baybayin-learning.md · LEARN-07
Add a replay control to audio-only active clues,Task,An audio-only clue offers no way to hear it again.,"- When the active clue channel is SpokenAudio, a replay button is visible on the clue presenter
- Tapping it replays the clue's clip; the button is hidden when the clip is null",Combat,Medium,none,07-combat-and-defense.md · CMB-13
Add a success burst effect on the drawing surface for accepted strokes,Task,Doc 06 lists the success feedback on the canvas as planned.,"- An accepted recognition plays a burst effect at the stroke's centroid
- The effect is pooled and lasts under 0.5 s",Drawing,Low,none,06-drawing-and-recognition.md · DRAW-12
Show an improvement tip on Results naming the weakest metric,Task,No tip generation exists.,"- The Results screen shows one tip line naming whichever of tracing accuracy, context accuracy or hearts ratio is lowest
- Tip strings live in LevelResultsCopy
- An EditMode test covers each of the three branches",Results,Low,none,11-results-rewards-and-progression.md · RES-07
Build the Mission Objective card shown after the Story phase,Task,SALIN-244 was closed with no implementation. Card content limited to data derivable from LevelConfigSO; story and combat goal copy is an open question.,"- A card lists the level's focus-word displayLabels, the finalRestorationValue syllable, and DefenseRules.shrineHearts
- The card holds the flow until its Continue is tapped
- LevelFlowController shows it between Story and FocusWords on every level with focus words",Level flow,Medium,none,04-level-flow.md · FLOW-10
Style the Ready screen with the pixel-art frame and buttons,Task,The Ready screen is flat programmer-art (playtest defect 3).,"- The Ready panel background, Start and Back use the same sprite and font assets as the Level Select buttons
- No default Unity button sprite remains on the Ready screen",Level flow,High,none,COVERAGE.md · FLOW-11
Make the Ready panel cover the full play column,Task,Gameplay background and HP hearts bleed through (playtest defect 4).,"- The Ready panel RectTransform stretches to the PlayAreaContainer bounds
- The HUD heart display is inactive while LevelReadyScreenController.IsPresenting is true",Level flow,High,none,COVERAGE.md · FLOW-11
List the level's enemy types and clue channels on the Ready screen,Task,The controller renders a title and objective line only.,"- The Ready screen lists the displayName of every entry in allowedEnemyTypes
- It lists the name of every ClueChannels flag set on the level
- It shows the heart count",Level flow,Medium,none,04-level-flow.md · FLOW-10
Register the 18 corruption enemy ids against the Corrupted shell in EnemyPool,Task,Every corruption id logs 'Unknown enemyID ... Falling back to default pool'.,"- Level 1 logs no Unknown enemyID warning
- EnemyPoolRegistrationTests asserts every EnemyData_*.asset enemyID resolves, including ragasa and hati-minion",Enemies,Medium,none,07-combat-and-defense.md · CMB-08
Produce four damage-state sprites for the Ugat shrine,Task,"GDD specifies full, crack 1, crack 2, destroyed; none exist.","- Four sprites are imported under Assets/Art for the Ugat shrine
- They are assigned on the shrine damage-state component",Art,Medium,Swap the shrine sprite by remaining hearts,07-combat-and-defense.md · CMB-25
Produce four damage-state sprites for the Ugnayan shrine,Task,GDD specifies four states per era shrine.,- Four sprites are imported under Assets/Art for the Ugnayan shrine and assigned on the shrine damage-state component,Art,Medium,Swap the shrine sprite by remaining hearts,07-combat-and-defense.md · CMB-25
Produce four damage-state sprites for the Pamana shrine,Task,GDD specifies four states per era shrine.,- Four sprites are imported under Assets/Art for the Pamana shrine and assigned on the shrine damage-state component,Art,Medium,Swap the shrine sprite by remaining hearts,07-combat-and-defense.md · CMB-25
Swap the shrine sprite by remaining hearts,Task,"No damage-state logic exists under Feedback, Base or Environment.","- A component on the shrine exposes four sprite slots and selects full at 3 hearts, crack 1 at 2, crack 2 at 1, destroyed at 0
- It updates on OnHeartsChanged
- An EditMode test covers the mapping",Base,Medium,none,07-combat-and-defense.md · CMB-25
Review and approve every placeholder player-facing string,Task,Placeholder and NOT PRODUCT-APPROVED markers remain in several UI classes.,"- No comment containing 'placeholder' or 'NOT PRODUCT-APPROVED' remains in LevelLockNoticePanel, ChallengeModeUI, PauseMenuUI, ResetJourneyFlow, WaveClearedCopy, LevelContentMissingPanel or LevelResultsCopy
- The approval is recorded in docs/review/approval-log.md",Copy,Medium,none,14-accessibility-and-settings.md · ACC-20
Record frame rate on a mid-range device during Level 1 Wave 5,Task,No on-device frame-rate measurement is recorded.,"- A report under progress/ states the device model and the minimum and average FPS over Wave 5
- Any frame below 30 FPS is listed with its timestamp",QA,Low,none,13-hud-audio-and-feedback.md · FX-11
Add UiEventLogger writing timestamped events to a local CSV,Task,Only RecognitionLogger exists; no UI event log.,"- Analytics/UiEventLogger.cs follows the RecognitionLogger pattern
- UiEventLogger.Log(eventName) appends 'timestamp,eventName' to persistentDataPath/ui-events.csv
- No network call is made",Analytics,Low,none,14-accessibility-and-settings.md · EVAL-02
"Emit new_journey_started, practice_started, combat_started, restoration_submitted and memory_claimed",Task,The five events named in the backlog; the full 25-event list is an open question.,- Playing Level 1 start to finish writes the five named events with timestamps to ui-events.csv,Analytics,Low,Add UiEventLogger writing timestamped events to a local CSV,14-accessibility-and-settings.md · EVAL-02
"Replace EnemyDataSO.Era values with Ugat, Ugnayan and Pamana",Task,"The enum is still Spanish/American/Japanese (ruling C4). This is not cosmetic: GeneralAura reads Era to decide who gets its speed buff, and all nineteen non-boss enemies sit at era 0 today, so every value written during the migration changes behaviour. `428da0ef` left Walang-Awa’s era alone for exactly this reason rather than make it the only outlier.","- EnemyDataSO declares enum Era { Ugat, Ugnayan, Pamana }
- GeneralAura, AlmanacController and EnemyDiscoveryCopyProvider compile against the new values
- EditMode suite passes",Corrupted enemy data model,Medium,none,08-enemies.md · ENM-32
Assign the ruled era on all 18 corruption EnemyData assets,Task,Every corruption asset is authored era 0 (ruling C2 pools).,"- Ugat: AbongSimula, Iligaw, Bakod, Mantsa, NawalangMukha, Takip
- Ugnayan: Uhaw, Kadena, Gapos, Salungat, Walang-Awa, YaposngDilim
- Pamana: Daan-Lihis, Ragasa, Hati, HatiMinion, Labo, Ngatngat, Punit
- An EditMode test asserts the mapping",Corrupted enemy data model,Medium,"Replace EnemyDataSO.Era values with Ugat, Ugnayan and Pamana",08-enemies.md · ENM-32
Remove the Era.Spanish reveal gate from AlmanacController,Task,Enemies of other eras render locked regardless of discovery.,"- AlmanacController.IsSpanishEra is deleted
- A discovered enemy of any era renders as a revealed cell
- The Discovered counter counts discovered enemies of every era",Corrupted enemy data model,Medium,"Replace EnemyDataSO.Era values with Ugat, Ugnayan and Pamana",05-baybayin-learning.md · CODEX-05
"Add corruptedMeaning, trueMeaning, lore and restoredLesson fields to EnemyDataSO",Task,"Only a single description string exists, split on 'Power:'.","- EnemyDataSO has four TextArea string fields with those names
- The existing description field is kept
- EditMode suite passes",Corrupted enemy data model,Medium,none,08-enemies.md · ENM-33
Author the four lore fields for the six Ugat enemies,Task,"Filipino narrative copy for Abo ng Simula, Iligaw, Bakod, Mantsa, Nawalang Mukha, Takip, framing each as a fragment of Paglimot.","- corruptedMeaning, trueMeaning, lore and restoredLesson are non-empty on the six Ugat EnemyData assets
- Copy is Filipino",Corrupted enemy data model,Medium,"Add corruptedMeaning, trueMeaning, lore and restoredLesson fields to EnemyDataSO",08-enemies.md · ENM-33
Author the four lore fields for the six Ugnayan enemies,Task,"Filipino narrative copy for Uhaw, Kadena, Gapos, Salungat, Walang-Awa, Yapos ng Dilim, framing each as a fragment of Paglimot.","- corruptedMeaning, trueMeaning, lore and restoredLesson are non-empty on the six Ugnayan EnemyData assets
- Copy is Filipino",Corrupted enemy data model,Medium,"Add corruptedMeaning, trueMeaning, lore and restoredLesson fields to EnemyDataSO",08-enemies.md · ENM-33
Author the four lore fields for the six Pamana enemies,Task,"Filipino narrative copy for Daan-Lihis, Ragasa, Hati, Labo, Ngatngat, Punit, framing each as a fragment of Paglimot.","- corruptedMeaning, trueMeaning, lore and restoredLesson are non-empty on the six Pamana EnemyData assets
- Copy is Filipino",Corrupted enemy data model,Medium,"Add corruptedMeaning, trueMeaning, lore and restoredLesson fields to EnemyDataSO",08-enemies.md · ENM-33
Render the four lore fields on the discovery card and Codex enemy detail,Task,Replaces the 'Power:' split of description.,"- The discovery card shows ability, corrupted meaning, true meaning and restored lesson in that order
- AlmanacDetailScroll shows the same four for an enemy entry
- EnemyDiscoveryCopyProvider no longer splits description on 'Power:'",Corrupted enemy data model,Medium,"Add corruptedMeaning, trueMeaning, lore and restoredLesson fields to EnemyDataSO",08-enemies.md · ENM-33
Remove Superintendent and Kadiliman from AlmanacEnemyRegistry_Default,Task,Two retired bosses still appear as Codex entries.,"- AlmanacEnemyRegistry_Default contains no EnemyData_Boss_* entry
- The Enemies tab renders exactly 18 cells",Corrupted enemy data model,Medium,none,08-enemies.md · ENM-34
Produce chain badge art for Kadena's chained target,Task,KadenaChainController has no chain badge art.,"- A chain badge sprite is imported under Assets/Art/UI and assigned on KadenaChainController
- In Play Mode the chained enemy shows the chain badge",Corrupted enemy data model,Medium,none,08-enemies.md · ENM-18
Show a blocked tell when a draw resolves against an enemy shielded by Bakod,Task,The resolution block exists but produces no readable tell.,"- A draw whose closest carrier is behind Bakod shows a DrawFeedbackVocabulary blocked string on the HUD in the same frame
- The shielded enemy's badge plays the reject shake
- An EditMode test covers the feedback signal",Corrupted enemy data model,High,none,08-enemies.md · ENM-13
Block the final syllable slot while Yapos ng Dilim is alive,Task,Yapos guards YA in MALAYA per ruling C2.,"- While a Yapos ng Dilim is active, a correct draw of the final syllable does not fill its slot and shows the blocked tell
- Defeating Yapos re-enables the slot
- An EditMode test covers both states",Corrupted enemy data model,Medium,Append a final-syllable GuidedTracing unit bound to finalRestorationValue to every restoration; Show a blocked tell when a draw resolves against an enemy shielded by Bakod,08-enemies.md · ENM-23
Wire the Ragasa replacement frames onto EnemyData_Ragasa,Task,Ragasa art is import-only.,"- EnemyData_Ragasa.walkFrames reference the imported Ragasa PNG frames
- Ragasa renders with the new art when spawned in Sandbox mode",Corrupted enemy data model,Medium,none,08-enemies.md · ENM-10
Wire the Hati minion frames onto EnemyData_HatiMinion,Task,Hati minion art is import-only.,"- EnemyData_HatiMinion.walkFrames reference the imported minion PNG frames
- Minions spawned by Hati render with the new art in Sandbox mode",Corrupted enemy data model,Medium,none,08-enemies.md · ENM-10
Produce level-number scroll sprites for Ugnayan Levels 1-5,Task,Levels 6-15 render blank scrolls on Level Select.,- Five sprites under Assets/Art/UI are assigned as numberSprite on Level6-10_Config,"Badge, level-number and memory art",Medium,none,02-journey-map-and-level-entry.md · MAP-04
Produce level-number scroll sprites for Pamana Levels 1-5,Task,Levels 6-15 render blank scrolls on Level Select.,- Five sprites under Assets/Art/UI are assigned as numberSprite on Level11-15_Config,"Badge, level-number and memory art",Medium,none,02-journey-map-and-level-entry.md · MAP-04
Add front and back art references to the memory card model,Task,MemoryCardUI self-builds and has no data slot for card art.,"- Each memory id maps to a front and back Sprite (new fields on MemoryArchiveModel or a MemoryCardArtSO)
- MemoryCardUI renders them when assigned and its runtime fallback when null","Badge, level-number and memory art",Medium,none,11-results-rewards-and-progression.md · MEM-06
Produce memory card art for Ugat Level 1,Task,"Memory card art is recorded as missing. Card for memory.ugat.01 (INA, AMA).","- Front and back sprites for memory.ugat.01 are imported and assigned in the memory card model
- Claiming the Level 1 memory shows the assigned art","Badge, level-number and memory art",Medium,Add front and back art references to the memory card model,11-results-rewards-and-progression.md · MEM-06; 15-levels-and-content-coverage.md · LVL-01
Produce memory card art for Ugat Level 2,Task,"Memory card art is recorded as missing. Card for memory.ugat.02 (BATA, MATA).","- Front and back sprites for memory.ugat.02 are imported and assigned in the memory card model
- Claiming the Level 2 memory shows the assigned art","Badge, level-number and memory art",Medium,Add front and back art references to the memory card model,11-results-rewards-and-progression.md · MEM-06; COVERAGE.md · LVL-02
Produce memory card art for Ugat Level 3,Task,"Memory card art is recorded as missing. Card for memory.ugat.03 (BATA, TAMA).","- Front and back sprites for memory.ugat.03 are imported and assigned in the memory card model
- Claiming the Level 3 memory shows the assigned art","Badge, level-number and memory art",Medium,Add front and back art references to the memory card model,11-results-rewards-and-progression.md · MEM-06; 15-levels-and-content-coverage.md · LVL-03
Produce memory card art for Ugat Level 4,Task,"Memory card art is recorded as missing. Card for memory.ugat.04 (INA, AMA).","- Front and back sprites for memory.ugat.04 are imported and assigned in the memory card model
- Claiming the Level 4 memory shows the assigned art","Badge, level-number and memory art",Medium,Add front and back art references to the memory card model,11-results-rewards-and-progression.md · MEM-06; 15-levels-and-content-coverage.md · LVL-03
Produce memory card art for Ugat Level 5,Task,"Memory card art is recorded as missing. Card for memory.ugat.05 (IBA, MANA).","- Front and back sprites for memory.ugat.05 are imported and assigned in the memory card model
- Claiming the Level 5 memory shows the assigned art","Badge, level-number and memory art",Medium,Add front and back art references to the memory card model,11-results-rewards-and-progression.md · MEM-06; 15-levels-and-content-coverage.md · LVL-05
Produce memory card art for Ugnayan Level 1,Task,"Memory card art is recorded as missing. Card for memory.ugnayan.01 (AWA, GAWA).","- Front and back sprites for memory.ugnayan.01 are imported and assigned in the memory card model
- Claiming the Level 6 memory shows the assigned art","Badge, level-number and memory art",Low,Add front and back art references to the memory card model,11-results-rewards-and-progression.md · MEM-06; 15-levels-and-content-coverage.md · LVL-06
Produce memory card art for Ugnayan Level 2,Task,"Memory card art is recorded as missing. Card for memory.ugnayan.02 (SAMA, KASAMA).","- Front and back sprites for memory.ugnayan.02 are imported and assigned in the memory card model
- Claiming the Level 7 memory shows the assigned art","Badge, level-number and memory art",Low,Add front and back art references to the memory card model,11-results-rewards-and-progression.md · MEM-06; 15-levels-and-content-coverage.md · LVL-06
Produce memory card art for Ugnayan Level 3,Task,"Memory card art is recorded as missing. Card for memory.ugnayan.03 (GANA, KAYA).","- Front and back sprites for memory.ugnayan.03 are imported and assigned in the memory card model
- Claiming the Level 8 memory shows the assigned art","Badge, level-number and memory art",Low,Add front and back art references to the memory card model,11-results-rewards-and-progression.md · MEM-06; 15-levels-and-content-coverage.md · LVL-06
Produce memory card art for Ugnayan Level 4,Task,"Memory card art is recorded as missing. Card for memory.ugnayan.04 (OO, UNA).","- Front and back sprites for memory.ugnayan.04 are imported and assigned in the memory card model
- Claiming the Level 9 memory shows the assigned art","Badge, level-number and memory art",Low,Add front and back art references to the memory card model,11-results-rewards-and-progression.md · MEM-06; 15-levels-and-content-coverage.md · LVL-06
Produce memory card art for Ugnayan Level 5,Task,"Memory card art is recorded as missing. Card for memory.ugnayan.05 (SANA, SAYA).","- Front and back sprites for memory.ugnayan.05 are imported and assigned in the memory card model
- Claiming the Level 10 memory shows the assigned art","Badge, level-number and memory art",Low,Add front and back art references to the memory card model,11-results-rewards-and-progression.md · MEM-06; 15-levels-and-content-coverage.md · LVL-06
Produce memory card art for Pamana Level 1,Task,"Memory card art is recorded as missing. Card for memory.pamana.01 (DALA, DAMA).","- Front and back sprites for memory.pamana.01 are imported and assigned in the memory card model
- Claiming the Level 11 memory shows the assigned art","Badge, level-number and memory art",Low,Add front and back art references to the memory card model,11-results-rewards-and-progression.md · MEM-06; 15-levels-and-content-coverage.md · LVL-11
Produce memory card art for Pamana Level 2,Task,"Memory card art is recorded as missing. Card for memory.pamana.02 (HANGA, HALAGA).","- Front and back sprites for memory.pamana.02 are imported and assigned in the memory card model
- Claiming the Level 12 memory shows the assigned art","Badge, level-number and memory art",Low,Add front and back art references to the memory card model,11-results-rewards-and-progression.md · MEM-06; 15-levels-and-content-coverage.md · LVL-11
Produce memory card art for Pamana Level 3,Task,"Memory card art is recorded as missing. Card for memory.pamana.03 (SANGA, HARAYA).","- Front and back sprites for memory.pamana.03 are imported and assigned in the memory card model
- Claiming the Level 13 memory shows the assigned art","Badge, level-number and memory art",Low,Add front and back art references to the memory card model,11-results-rewards-and-progression.md · MEM-06; 15-levels-and-content-coverage.md · LVL-13
Produce memory card art for Pamana Level 4,Task,"Memory card art is recorded as missing. Card for memory.pamana.04 (ALAALA, MAHALAGA).","- Front and back sprites for memory.pamana.04 are imported and assigned in the memory card model
- Claiming the Level 14 memory shows the assigned art","Badge, level-number and memory art",Low,Add front and back art references to the memory card model,11-results-rewards-and-progression.md · MEM-06; 15-levels-and-content-coverage.md · LVL-11
Produce memory card art for Pamana Level 5,Task,"Memory card art is recorded as missing. Card for memory.pamana.05 (PAMANA, MALAYA).","- Front and back sprites for memory.pamana.05 are imported and assigned in the memory card model
- Claiming the Level 15 memory shows the assigned art","Badge, level-number and memory art",Low,Add front and back art references to the memory card model,11-results-rewards-and-progression.md · MEM-06; 15-levels-and-content-coverage.md · LVL-15
Build the LevelPreviewPanel overlay,Task,"SALIN-243 was closed with no implementation. The story-summary field has no data source and is an open question, so it is excluded here.","- A self-building overlay shows levelName, each focus word's displayLabel, the symbols whose firstIntroductionLevelId is this level, and the best star count from CampaignProgressRepository
- It has Enter Memory and Back controls
- It opens from a Show(LevelConfigSO) call",Level Preview screen,Medium,none,02-journey-map-and-level-entry.md · MAP-12
Open the Level Preview from a Level Select tap instead of loading gameplay,Task,LevelButton loads gameplay directly.,"- Tapping an unlocked LevelButton opens the preview; gameplay loads only on Enter Memory
- Back returns to Level Select without a scene load",Level Preview screen,Medium,Build the LevelPreviewPanel overlay,02-journey-map-and-level-entry.md · MAP-12
Add Hear Target Words to the Level Preview,Task,Spec BTN-HEAR on the preview.,"- Tapping a target word plays its decomposition's pronunciation clips in order
- The control is hidden for a word with any null clip",Level Preview screen,Medium,Build the LevelPreviewPanel overlay,02-journey-map-and-level-entry.md · MAP-12
Add View Symbols to the Level Preview,Task,Spec lists a View Symbols control.,- View Symbols opens AlmanacDetailScroll for each new symbol in turn and returns to the preview after the last,Level Preview screen,Low,Build the LevelPreviewPanel overlay,02-journey-map-and-level-entry.md · MAP-12
Route the Results Next Level control through the Level Preview,Task,"Spec BTN-NEXT-LEVEL goes to the preview, not straight into gameplay.",- Next Level on the Results screen opens the next level's preview instead of loading gameplay,Level Preview screen,Low,Open the Level Preview from a Level Select tap instead of loading gameplay,02-journey-map-and-level-entry.md · MAP-12
Add tap-to-hear syllable buttons to the focus-word preview,Task,The preview is a single text block.,"- Each syllable in a word's decomposition is a button that plays its spoken value's clip
- A syllable with a null clip renders as a label, not a button",Focus-word preview upgrade,High,none,05-baybayin-learning.md · LEARN-15
Add a Hear Word control to the focus-word preview,Task,Spec BTN-HEAR plays the whole word.,- A Hear Word control plays the word's syllable clips in sequence with no overlap,Focus-word preview upgrade,High,none,05-baybayin-learning.md · LEARN-15
Add a context image slot to the focus-word preview,Task,FocusWordDefinition.media.contextImage is never rendered.,"- The preview renders media.contextImage above each word when assigned
- The slot is hidden when contextImage is null",Focus-word preview upgrade,High,none,05-baybayin-learning.md · LEARN-15
Disable the focus-word preview Continue until both words are tapped,Task,Spec inspection gating.,"- Continue is non-interactable until each word card has received at least one tap
- An EditMode test covers the gate",Focus-word preview upgrade,Medium,none,05-baybayin-learning.md · LEARN-15
Render the focus-word decomposition with glyph badge sprites,Task,Latin syllables are the documented fallback while badge art is missing.,"- Each decomposition syllable renders its character's badgeSprite
- A Latin label is shown only when badgeSprite is null",Focus-word preview upgrade,Medium,Produce glyph badge sprites for the symbols missing badge art,05-baybayin-learning.md · LEARN-14
Produce context images for Ugat Level 1 focus words,Task,"Ruling Q10 puts per-word context art in demo scope. Words: INA, AMA.",- Two sprites are imported and assigned to focusWords[0].media.contextImage and focusWords[1].media.contextImage on Level1_Config,Focus-word preview upgrade,High,Add a context image slot to the focus-word preview,05-baybayin-learning.md · LEARN-15; 15-levels-and-content-coverage.md · LVL-01
Produce context images for Ugat Level 2 focus words,Task,"Ruling Q10 puts per-word context art in demo scope. Words: BATA, MATA.",- Two sprites are imported and assigned to focusWords[0].media.contextImage and focusWords[1].media.contextImage on Level2_Config,Focus-word preview upgrade,High,Add a context image slot to the focus-word preview,05-baybayin-learning.md · LEARN-15; COVERAGE.md · LVL-02
Produce context images for Ugat Level 3 focus words,Task,"Ruling Q10 puts per-word context art in demo scope. Words: BATA, TAMA.",- Two sprites are imported and assigned to focusWords[0].media.contextImage and focusWords[1].media.contextImage on Level3_Config,Focus-word preview upgrade,High,Add a context image slot to the focus-word preview,05-baybayin-learning.md · LEARN-15; 15-levels-and-content-coverage.md · LVL-03
Produce context images for Ugat Level 4 focus words,Task,"Ruling Q10 puts per-word context art in demo scope. Words: INA, AMA.",- Two sprites are imported and assigned to focusWords[0].media.contextImage and focusWords[1].media.contextImage on Level4_Config,Focus-word preview upgrade,High,Add a context image slot to the focus-word preview,05-baybayin-learning.md · LEARN-15; 15-levels-and-content-coverage.md · LVL-03
Produce context images for Ugat Level 5 focus words,Task,"Ruling Q10 puts per-word context art in demo scope. Words: IBA, MANA.",- Two sprites are imported and assigned to focusWords[0].media.contextImage and focusWords[1].media.contextImage on Level5_Config,Focus-word preview upgrade,High,Add a context image slot to the focus-word preview,05-baybayin-learning.md · LEARN-15; 15-levels-and-content-coverage.md · LVL-05
Produce context images for Ugnayan Level 1 focus words,Task,"Ruling Q10 puts per-word context art in demo scope. Words: AWA, GAWA.",- Two sprites are imported and assigned to focusWords[0].media.contextImage and focusWords[1].media.contextImage on Level6_Config,Focus-word preview upgrade,Medium,Add a context image slot to the focus-word preview,05-baybayin-learning.md · LEARN-15; 15-levels-and-content-coverage.md · LVL-06
Produce context images for Ugnayan Level 2 focus words,Task,"Ruling Q10 puts per-word context art in demo scope. Words: SAMA, KASAMA.",- Two sprites are imported and assigned to focusWords[0].media.contextImage and focusWords[1].media.contextImage on Level7_Config,Focus-word preview upgrade,Medium,Add a context image slot to the focus-word preview,05-baybayin-learning.md · LEARN-15; 15-levels-and-content-coverage.md · LVL-06
Produce context images for Ugnayan Level 3 focus words,Task,"Ruling Q10 puts per-word context art in demo scope. Words: GANA, KAYA.",- Two sprites are imported and assigned to focusWords[0].media.contextImage and focusWords[1].media.contextImage on Level8_Config,Focus-word preview upgrade,Medium,Add a context image slot to the focus-word preview,05-baybayin-learning.md · LEARN-15; 15-levels-and-content-coverage.md · LVL-06
Produce context images for Ugnayan Level 4 focus words,Task,"Ruling Q10 puts per-word context art in demo scope. Words: OO, UNA.",- Two sprites are imported and assigned to focusWords[0].media.contextImage and focusWords[1].media.contextImage on Level9_Config,Focus-word preview upgrade,Medium,Add a context image slot to the focus-word preview,05-baybayin-learning.md · LEARN-15; 15-levels-and-content-coverage.md · LVL-06
Produce context images for Ugnayan Level 5 focus words,Task,"Ruling Q10 puts per-word context art in demo scope. Words: SANA, SAYA.",- Two sprites are imported and assigned to focusWords[0].media.contextImage and focusWords[1].media.contextImage on Level10_Config,Focus-word preview upgrade,Medium,Add a context image slot to the focus-word preview,05-baybayin-learning.md · LEARN-15; 15-levels-and-content-coverage.md · LVL-06
Produce context images for Pamana Level 1 focus words,Task,"Ruling Q10 puts per-word context art in demo scope. Words: DALA, DAMA.",- Two sprites are imported and assigned to focusWords[0].media.contextImage and focusWords[1].media.contextImage on Level11_Config,Focus-word preview upgrade,Medium,Add a context image slot to the focus-word preview,05-baybayin-learning.md · LEARN-15; 15-levels-and-content-coverage.md · LVL-11
Produce context images for Pamana Level 2 focus words,Task,"Ruling Q10 puts per-word context art in demo scope. Words: HANGA, HALAGA.",- Two sprites are imported and assigned to focusWords[0].media.contextImage and focusWords[1].media.contextImage on Level12_Config,Focus-word preview upgrade,Medium,Add a context image slot to the focus-word preview,05-baybayin-learning.md · LEARN-15; 15-levels-and-content-coverage.md · LVL-11
Produce context images for Pamana Level 3 focus words,Task,"Ruling Q10 puts per-word context art in demo scope. Words: SANGA, HARAYA.",- Two sprites are imported and assigned to focusWords[0].media.contextImage and focusWords[1].media.contextImage on Level13_Config,Focus-word preview upgrade,Medium,Add a context image slot to the focus-word preview; Author Level 13 focus words SANGA and HARAYA with a context-selected RA,05-baybayin-learning.md · LEARN-15; 15-levels-and-content-coverage.md · LVL-13
Produce context images for Pamana Level 4 focus words,Task,"Ruling Q10 puts per-word context art in demo scope. Words: ALAALA, MAHALAGA.",- Two sprites are imported and assigned to focusWords[0].media.contextImage and focusWords[1].media.contextImage on Level14_Config,Focus-word preview upgrade,Medium,Add a context image slot to the focus-word preview,05-baybayin-learning.md · LEARN-15; 15-levels-and-content-coverage.md · LVL-11
Produce context images for Pamana Level 5 focus words,Task,"Ruling Q10 puts per-word context art in demo scope. Words: PAMANA, MALAYA.",- Two sprites are imported and assigned to focusWords[0].media.contextImage and focusWords[1].media.contextImage on Level15_Config,Focus-word preview upgrade,Medium,Add a context image slot to the focus-word preview,05-baybayin-learning.md · LEARN-15; 15-levels-and-content-coverage.md · LVL-15
Author dialogue assets for Ugnayan Level 1,Task,"No Dialogue_Ugnayan* assets exist. Copy source: docs/content/ugnayan-levels-6-10-narrative.md. Words: AWA, GAWA.","- Dialogue_Ugnayan01_Intro, Dialogue_Ugnayan01_Outro and one DialogueSO per focus word exist with Filipino copy
- They are assigned to introDialogue, outroDialogue and focusWords[].media.dialogue on Level6_Config",Ugnayan era content (Levels 6-10),Medium,none,03-story-and-dialogue.md · STORY-04; 03-story-and-dialogue.md · STORY-05; 03-story-and-dialogue.md · STORY-09; 15-levels-and-content-coverage.md · LVL-06
Author the memory cutscene asset for Ugnayan Level 1,Task,No Cutscene_Ugnayan* assets exist.,"- Cutscene_Ugnayan01_Memory exists with Filipino panel copy
- It is assigned to contextMedia.cutscene on Level6_Config",Ugnayan era content (Levels 6-10),Medium,none,03-story-and-dialogue.md · STORY-10; 15-levels-and-content-coverage.md · LVL-06
Produce memory cutscene panel art for Ugnayan Level 1,Task,"Memory art is in scope for the team to produce (ruling, 2026-09-11).",- Every panel of Cutscene_Ugnayan01_Memory has a non-null sprite,Ugnayan era content (Levels 6-10),Medium,Author the memory cutscene asset for Ugnayan Level 1,11-results-rewards-and-progression.md · MEM-06; 15-levels-and-content-coverage.md · LVL-06
Author rewardIds for Ugnayan Level 1,Task,"Level6_Config.rewardIds is empty, so the content-missing guard refuses completion.","- Level6_Config.rewardIds contains memory.ugnayan.01
- LevelPhasePlan.FromConfig(Level6_Config).MemoryRewardContentMissing is false (EditMode test)",Ugnayan era content (Levels 6-10),Medium,Author the memory cutscene asset for Ugnayan Level 1,COVERAGE.md · FLOW-03; 15-levels-and-content-coverage.md · LVL-06
Author dialogue assets for Ugnayan Level 2,Task,"No Dialogue_Ugnayan* assets exist. Copy source: docs/content/ugnayan-levels-6-10-narrative.md. Words: SAMA, KASAMA.","- Dialogue_Ugnayan02_Intro, Dialogue_Ugnayan02_Outro and one DialogueSO per focus word exist with Filipino copy
- They are assigned to introDialogue, outroDialogue and focusWords[].media.dialogue on Level7_Config",Ugnayan era content (Levels 6-10),Medium,none,03-story-and-dialogue.md · STORY-04; 03-story-and-dialogue.md · STORY-05; 03-story-and-dialogue.md · STORY-09; 15-levels-and-content-coverage.md · LVL-06
Author the memory cutscene asset for Ugnayan Level 2,Task,No Cutscene_Ugnayan* assets exist.,"- Cutscene_Ugnayan02_Memory exists with Filipino panel copy
- It is assigned to contextMedia.cutscene on Level7_Config",Ugnayan era content (Levels 6-10),Medium,none,03-story-and-dialogue.md · STORY-10; 15-levels-and-content-coverage.md · LVL-06
Produce memory cutscene panel art for Ugnayan Level 2,Task,"Memory art is in scope for the team to produce (ruling, 2026-09-11).",- Every panel of Cutscene_Ugnayan02_Memory has a non-null sprite,Ugnayan era content (Levels 6-10),Medium,Author the memory cutscene asset for Ugnayan Level 2,11-results-rewards-and-progression.md · MEM-06; 15-levels-and-content-coverage.md · LVL-06
Author rewardIds for Ugnayan Level 2,Task,"Level7_Config.rewardIds is empty, so the content-missing guard refuses completion.","- Level7_Config.rewardIds contains memory.ugnayan.02
- LevelPhasePlan.FromConfig(Level7_Config).MemoryRewardContentMissing is false (EditMode test)",Ugnayan era content (Levels 6-10),Medium,Author the memory cutscene asset for Ugnayan Level 2,COVERAGE.md · FLOW-03; 15-levels-and-content-coverage.md · LVL-06
Author dialogue assets for Ugnayan Level 3,Task,"No Dialogue_Ugnayan* assets exist. Copy source: docs/content/ugnayan-levels-6-10-narrative.md. Words: GANA, KAYA.","- Dialogue_Ugnayan03_Intro, Dialogue_Ugnayan03_Outro and one DialogueSO per focus word exist with Filipino copy
- They are assigned to introDialogue, outroDialogue and focusWords[].media.dialogue on Level8_Config",Ugnayan era content (Levels 6-10),Medium,none,03-story-and-dialogue.md · STORY-04; 03-story-and-dialogue.md · STORY-05; 03-story-and-dialogue.md · STORY-09; 15-levels-and-content-coverage.md · LVL-06
Author the memory cutscene asset for Ugnayan Level 3,Task,No Cutscene_Ugnayan* assets exist.,"- Cutscene_Ugnayan03_Memory exists with Filipino panel copy
- It is assigned to contextMedia.cutscene on Level8_Config",Ugnayan era content (Levels 6-10),Medium,none,03-story-and-dialogue.md · STORY-10; 15-levels-and-content-coverage.md · LVL-06
Produce memory cutscene panel art for Ugnayan Level 3,Task,"Memory art is in scope for the team to produce (ruling, 2026-09-11).",- Every panel of Cutscene_Ugnayan03_Memory has a non-null sprite,Ugnayan era content (Levels 6-10),Medium,Author the memory cutscene asset for Ugnayan Level 3,11-results-rewards-and-progression.md · MEM-06; 15-levels-and-content-coverage.md · LVL-06
Author rewardIds for Ugnayan Level 3,Task,"Level8_Config.rewardIds is empty, so the content-missing guard refuses completion.","- Level8_Config.rewardIds contains memory.ugnayan.03
- LevelPhasePlan.FromConfig(Level8_Config).MemoryRewardContentMissing is false (EditMode test)",Ugnayan era content (Levels 6-10),Medium,Author the memory cutscene asset for Ugnayan Level 3,COVERAGE.md · FLOW-03; 15-levels-and-content-coverage.md · LVL-06
Author dialogue assets for Ugnayan Level 4,Task,"No Dialogue_Ugnayan* assets exist. Copy source: docs/content/ugnayan-levels-6-10-narrative.md. Words: OO, UNA.","- Dialogue_Ugnayan04_Intro, Dialogue_Ugnayan04_Outro and one DialogueSO per focus word exist with Filipino copy
- They are assigned to introDialogue, outroDialogue and focusWords[].media.dialogue on Level9_Config",Ugnayan era content (Levels 6-10),Medium,none,03-story-and-dialogue.md · STORY-04; 03-story-and-dialogue.md · STORY-05; 03-story-and-dialogue.md · STORY-09; 15-levels-and-content-coverage.md · LVL-06
Author the memory cutscene asset for Ugnayan Level 4,Task,No Cutscene_Ugnayan* assets exist.,"- Cutscene_Ugnayan04_Memory exists with Filipino panel copy
- It is assigned to contextMedia.cutscene on Level9_Config",Ugnayan era content (Levels 6-10),Medium,none,03-story-and-dialogue.md · STORY-10; 15-levels-and-content-coverage.md · LVL-06
Produce memory cutscene panel art for Ugnayan Level 4,Task,"Memory art is in scope for the team to produce (ruling, 2026-09-11).",- Every panel of Cutscene_Ugnayan04_Memory has a non-null sprite,Ugnayan era content (Levels 6-10),Medium,Author the memory cutscene asset for Ugnayan Level 4,11-results-rewards-and-progression.md · MEM-06; 15-levels-and-content-coverage.md · LVL-06
Author rewardIds for Ugnayan Level 4,Task,"Level9_Config.rewardIds is empty, so the content-missing guard refuses completion.","- Level9_Config.rewardIds contains memory.ugnayan.04
- LevelPhasePlan.FromConfig(Level9_Config).MemoryRewardContentMissing is false (EditMode test)",Ugnayan era content (Levels 6-10),Medium,Author the memory cutscene asset for Ugnayan Level 4,COVERAGE.md · FLOW-03; 15-levels-and-content-coverage.md · LVL-06
Author dialogue assets for Ugnayan Level 5,Task,"No Dialogue_Ugnayan* assets exist. Copy source: docs/content/ugnayan-levels-6-10-narrative.md. Words: SANA, SAYA.","- Dialogue_Ugnayan05_Intro, Dialogue_Ugnayan05_Outro and one DialogueSO per focus word exist with Filipino copy
- They are assigned to introDialogue, outroDialogue and focusWords[].media.dialogue on Level10_Config",Ugnayan era content (Levels 6-10),Medium,none,03-story-and-dialogue.md · STORY-04; 03-story-and-dialogue.md · STORY-05; 03-story-and-dialogue.md · STORY-09; 15-levels-and-content-coverage.md · LVL-06
Author the memory cutscene asset for Ugnayan Level 5,Task,No Cutscene_Ugnayan* assets exist.,"- Cutscene_Ugnayan05_Memory exists with Filipino panel copy
- It is assigned to contextMedia.cutscene on Level10_Config",Ugnayan era content (Levels 6-10),Medium,none,03-story-and-dialogue.md · STORY-10; 15-levels-and-content-coverage.md · LVL-06
Produce memory cutscene panel art for Ugnayan Level 5,Task,"Memory art is in scope for the team to produce (ruling, 2026-09-11).",- Every panel of Cutscene_Ugnayan05_Memory has a non-null sprite,Ugnayan era content (Levels 6-10),Medium,Author the memory cutscene asset for Ugnayan Level 5,11-results-rewards-and-progression.md · MEM-06; 15-levels-and-content-coverage.md · LVL-06
Author rewardIds for Ugnayan Level 5,Task,"Level10_Config.rewardIds is empty, so the content-missing guard refuses completion.","- Level10_Config.rewardIds contains memory.ugnayan.05
- LevelPhasePlan.FromConfig(Level10_Config).MemoryRewardContentMissing is false (EditMode test)",Ugnayan era content (Levels 6-10),Medium,Author the memory cutscene asset for Ugnayan Level 5,COVERAGE.md · FLOW-03; 15-levels-and-content-coverage.md · LVL-06
Author dialogue assets for Pamana Level 1,Task,"No Dialogue_Pamana* assets exist. Copy source: docs/content/pamana-levels-11-15-narrative.md. Words: DALA, DAMA.","- Dialogue_Pamana01_Intro, Dialogue_Pamana01_Outro and one DialogueSO per focus word exist with Filipino copy
- They are assigned to introDialogue, outroDialogue and focusWords[].media.dialogue on Level11_Config",Pamana era content (Levels 11-15),Medium,none,03-story-and-dialogue.md · STORY-04; 03-story-and-dialogue.md · STORY-05; 03-story-and-dialogue.md · STORY-09; 15-levels-and-content-coverage.md · LVL-11
Author the memory cutscene asset for Pamana Level 1,Task,No Cutscene_Pamana* assets exist.,"- Cutscene_Pamana01_Memory exists with Filipino panel copy
- It is assigned to contextMedia.cutscene on Level11_Config",Pamana era content (Levels 11-15),Medium,none,03-story-and-dialogue.md · STORY-10; 15-levels-and-content-coverage.md · LVL-11
Produce memory cutscene panel art for Pamana Level 1,Task,"Memory art is in scope for the team to produce (ruling, 2026-09-11).",- Every panel of Cutscene_Pamana01_Memory has a non-null sprite,Pamana era content (Levels 11-15),Medium,Author the memory cutscene asset for Pamana Level 1,11-results-rewards-and-progression.md · MEM-06; 15-levels-and-content-coverage.md · LVL-11
Author rewardIds for Pamana Level 1,Task,"Level11_Config.rewardIds is empty, so the content-missing guard refuses completion.","- Level11_Config.rewardIds contains memory.pamana.01
- LevelPhasePlan.FromConfig(Level11_Config).MemoryRewardContentMissing is false (EditMode test)",Pamana era content (Levels 11-15),Medium,Author the memory cutscene asset for Pamana Level 1,COVERAGE.md · FLOW-03; 15-levels-and-content-coverage.md · LVL-11
Author dialogue assets for Pamana Level 2,Task,"No Dialogue_Pamana* assets exist. Copy source: docs/content/pamana-levels-11-15-narrative.md. Words: HANGA, HALAGA.","- Dialogue_Pamana02_Intro, Dialogue_Pamana02_Outro and one DialogueSO per focus word exist with Filipino copy
- They are assigned to introDialogue, outroDialogue and focusWords[].media.dialogue on Level12_Config",Pamana era content (Levels 11-15),Medium,none,03-story-and-dialogue.md · STORY-04; 03-story-and-dialogue.md · STORY-05; 03-story-and-dialogue.md · STORY-09; 15-levels-and-content-coverage.md · LVL-11
Author the memory cutscene asset for Pamana Level 2,Task,No Cutscene_Pamana* assets exist.,"- Cutscene_Pamana02_Memory exists with Filipino panel copy
- It is assigned to contextMedia.cutscene on Level12_Config",Pamana era content (Levels 11-15),Medium,none,03-story-and-dialogue.md · STORY-10; 15-levels-and-content-coverage.md · LVL-11
Produce memory cutscene panel art for Pamana Level 2,Task,"Memory art is in scope for the team to produce (ruling, 2026-09-11).",- Every panel of Cutscene_Pamana02_Memory has a non-null sprite,Pamana era content (Levels 11-15),Medium,Author the memory cutscene asset for Pamana Level 2,11-results-rewards-and-progression.md · MEM-06; 15-levels-and-content-coverage.md · LVL-11
Author rewardIds for Pamana Level 2,Task,"Level12_Config.rewardIds is empty, so the content-missing guard refuses completion.","- Level12_Config.rewardIds contains memory.pamana.02
- LevelPhasePlan.FromConfig(Level12_Config).MemoryRewardContentMissing is false (EditMode test)",Pamana era content (Levels 11-15),Medium,Author the memory cutscene asset for Pamana Level 2,COVERAGE.md · FLOW-03; 15-levels-and-content-coverage.md · LVL-11
Author dialogue assets for Pamana Level 3,Task,"No Dialogue_Pamana* assets exist. Copy source: docs/content/pamana-levels-11-15-narrative.md. Words: SANGA, HARAYA.","- Dialogue_Pamana03_Intro, Dialogue_Pamana03_Outro and one DialogueSO per focus word exist with Filipino copy
- They are assigned to introDialogue, outroDialogue and focusWords[].media.dialogue on Level13_Config",Pamana era content (Levels 11-15),Medium,none,03-story-and-dialogue.md · STORY-04; 03-story-and-dialogue.md · STORY-05; 03-story-and-dialogue.md · STORY-09; 15-levels-and-content-coverage.md · LVL-13
Author the memory cutscene asset for Pamana Level 3,Task,No Cutscene_Pamana* assets exist.,"- Cutscene_Pamana03_Memory exists with Filipino panel copy
- It is assigned to contextMedia.cutscene on Level13_Config",Pamana era content (Levels 11-15),Medium,none,03-story-and-dialogue.md · STORY-10; 15-levels-and-content-coverage.md · LVL-13
Produce memory cutscene panel art for Pamana Level 3,Task,"Memory art is in scope for the team to produce (ruling, 2026-09-11).",- Every panel of Cutscene_Pamana03_Memory has a non-null sprite,Pamana era content (Levels 11-15),Medium,Author the memory cutscene asset for Pamana Level 3,11-results-rewards-and-progression.md · MEM-06; 15-levels-and-content-coverage.md · LVL-13
Author rewardIds for Pamana Level 3,Task,"Level13_Config.rewardIds is empty, so the content-missing guard refuses completion.","- Level13_Config.rewardIds contains memory.pamana.03
- LevelPhasePlan.FromConfig(Level13_Config).MemoryRewardContentMissing is false (EditMode test)",Pamana era content (Levels 11-15),Medium,Author the memory cutscene asset for Pamana Level 3,COVERAGE.md · FLOW-03; 15-levels-and-content-coverage.md · LVL-13
Author dialogue assets for Pamana Level 4,Task,"No Dialogue_Pamana* assets exist. Copy source: docs/content/pamana-levels-11-15-narrative.md. Words: ALAALA, MAHALAGA.","- Dialogue_Pamana04_Intro, Dialogue_Pamana04_Outro and one DialogueSO per focus word exist with Filipino copy
- They are assigned to introDialogue, outroDialogue and focusWords[].media.dialogue on Level14_Config",Pamana era content (Levels 11-15),Medium,none,03-story-and-dialogue.md · STORY-04; 03-story-and-dialogue.md · STORY-05; 03-story-and-dialogue.md · STORY-09; 15-levels-and-content-coverage.md · LVL-11
Author the memory cutscene asset for Pamana Level 4,Task,No Cutscene_Pamana* assets exist.,"- Cutscene_Pamana04_Memory exists with Filipino panel copy
- It is assigned to contextMedia.cutscene on Level14_Config",Pamana era content (Levels 11-15),Medium,none,03-story-and-dialogue.md · STORY-10; 15-levels-and-content-coverage.md · LVL-11
Produce memory cutscene panel art for Pamana Level 4,Task,"Memory art is in scope for the team to produce (ruling, 2026-09-11).",- Every panel of Cutscene_Pamana04_Memory has a non-null sprite,Pamana era content (Levels 11-15),Medium,Author the memory cutscene asset for Pamana Level 4,11-results-rewards-and-progression.md · MEM-06; 15-levels-and-content-coverage.md · LVL-11
Author rewardIds for Pamana Level 4,Task,"Level14_Config.rewardIds is empty, so the content-missing guard refuses completion.","- Level14_Config.rewardIds contains memory.pamana.04
- LevelPhasePlan.FromConfig(Level14_Config).MemoryRewardContentMissing is false (EditMode test)",Pamana era content (Levels 11-15),Medium,Author the memory cutscene asset for Pamana Level 4,COVERAGE.md · FLOW-03; 15-levels-and-content-coverage.md · LVL-11
Author dialogue assets for Pamana Level 5,Task,"No Dialogue_Pamana* assets exist. Copy source: docs/content/pamana-levels-11-15-narrative.md. Words: PAMANA, MALAYA.","- Dialogue_Pamana05_Intro, Dialogue_Pamana05_Outro and one DialogueSO per focus word exist with Filipino copy
- They are assigned to introDialogue, outroDialogue and focusWords[].media.dialogue on Level15_Config",Pamana era content (Levels 11-15),Medium,none,03-story-and-dialogue.md · STORY-04; 03-story-and-dialogue.md · STORY-05; 03-story-and-dialogue.md · STORY-09; 15-levels-and-content-coverage.md · LVL-15
Author the memory cutscene asset for Pamana Level 5,Task,No Cutscene_Pamana* assets exist.,"- Cutscene_Pamana05_Memory exists with Filipino panel copy
- It is assigned to contextMedia.cutscene on Level15_Config",Pamana era content (Levels 11-15),Medium,none,03-story-and-dialogue.md · STORY-10; 15-levels-and-content-coverage.md · LVL-15
Produce memory cutscene panel art for Pamana Level 5,Task,"Memory art is in scope for the team to produce (ruling, 2026-09-11).",- Every panel of Cutscene_Pamana05_Memory has a non-null sprite,Pamana era content (Levels 11-15),Medium,Author the memory cutscene asset for Pamana Level 5,11-results-rewards-and-progression.md · MEM-06; 15-levels-and-content-coverage.md · LVL-15
Author rewardIds for Pamana Level 5,Task,"Level15_Config.rewardIds is empty, so the content-missing guard refuses completion.","- Level15_Config.rewardIds contains memory.pamana.05
- LevelPhasePlan.FromConfig(Level15_Config).MemoryRewardContentMissing is false (EditMode test)",Pamana era content (Levels 11-15),Medium,Author the memory cutscene asset for Pamana Level 5,COVERAGE.md · FLOW-03; 15-levels-and-content-coverage.md · LVL-15
Author Challenge_Ugnayan06_Context (feeling vs action),Task,Level 6 has no challengeSequence.,"- Challenge_Ugnayan06_Context asks the player to distinguish AWA (feeling) from GAWA (action) per the spec row
- It is assigned to Level6_Config.challengeSequence and Salinlahi > Campaign > Validate reports no error for Level 6",Ugnayan era content (Levels 6-10),Medium,none,COVERAGE.md · REST-29; 15-levels-and-content-coverage.md · LVL-06
Author Challenge_Ugnayan07_Context (drag KASAMA to the group),Task,Level 7 has no challengeSequence. Restorable token is the root SAMA (ruling Q9).,"- Challenge_Ugnayan07_Context presents KASAMA as a placement onto the group with SAMA as the restorable token
- It is assigned to Level7_Config.challengeSequence and the validator reports no error for Level 7",Ugnayan era content (Levels 6-10),Medium,none,10-restoration-and-challenges.md · REST-11; 15-levels-and-content-coverage.md · LVL-06
Author Challenge_Ugnayan08_Context (cause and result blanks),Task,Level 8 has no challengeSequence.,"- Challenge_Ugnayan08_Context presents cause/result blanks for GANA and KAYA
- It is assigned to Level8_Config.challengeSequence and the validator reports no error for Level 8",Ugnayan era content (Levels 6-10),Medium,none,15-levels-and-content-coverage.md · LVL-06
Author the Ugnayan era paragraph and SANA/SAYA units for Challenge_Ugnayan10_Context,Task,Level 10 has no challengeSequence; ruling Q4 requires the era paragraph plus the two taught words.,"- Challenge_Ugnayan10_Context contains one ParagraphRestoration unit per paragraph line with checkpointOnSuccess true, plus the SANA and SAYA taught slots
- Earlier Ugnayan words appear as review blanks; tokens are root words
- It is assigned to Level10_Config.challengeSequence and the validator reports no error for Level 10",Ugnayan era content (Levels 6-10),Medium,none,10-restoration-and-challenges.md · REST-24; 15-levels-and-content-coverage.md · LVL-06
Clear the Superintendent boss reference from Level10_Config,Task,Ruling Q5 retires the Level 10 boss; the asset still points at BossConfig_Superintendent.,"- Level10_Config.bossConfig is {fileID: 0}
- Starting Level 10 runs WaveManager waves and never RunBossEncounter (EditMode test on the config)",Ugnayan era content (Levels 6-10),Medium,none,15-levels-and-content-coverage.md · LVL-06
Author Level 10 flow segments alternating wave groups and paragraph lines,Task,Level 10 has no flowSegments.,"- Level10_Config.flowSegments has one entry per paragraph line, each naming its wave group and challenge unit id
- In Play Mode, clearing a wave group opens its paragraph line and a correct line resumes the next wave group",Ugnayan era content (Levels 6-10),Medium,Author the Ugnayan era paragraph and SANA/SAYA units for Challenge_Ugnayan10_Context; Clear the Superintendent boss reference from Level10_Config,04-level-flow.md · FLOW-08
Author the Ugnayan ending line on Era_02,Task,The era completion overlay has no Ugnayan ending line.,"- Era_02.asset carries a Filipino ending line
- Completing Ugnayan Level 5 shows it on EraCompletionScreenUI",Ugnayan era content (Levels 6-10),Medium,none,COVERAGE.md · STORY-11
Extend CampaignLevelDataTool to select a per-syllable spoken value,Task,"The authoring tool cannot bind value.ra to a syllable, which is why Level 13 is empty.","- The tool exposes a spoken-value selector per decomposition syllable
- Binding value.ra to HARAYA's middle syllable round-trips through the tool",Pamana era content (Levels 11-15),Medium,none,15-levels-and-content-coverage.md · LVL-13
Author Level 13 focus words SANGA and HARAYA with a context-selected RA,Task,"Level 13 has no focus words, pool or learning requirements (ruling OQ-6: RA introduced here).","- Level13_Config.focusWords are SANGA (SA, NGA) and HARAYA (HA, RA, YA) with HARAYA's middle syllable bound to Char_RA / value.ra
- cumulativeSymbolPool includes symbol.ra and learningRequirements marks RA as Instruction
- Salinlahi > Campaign > Validate reports no error for Level 13
- The focus preview reads 'ha · ra · ya'",Pamana era content (Levels 11-15),Medium,Extend CampaignLevelDataTool to select a per-syllable spoken value,15-levels-and-content-coverage.md · LVL-13
Author Challenge_Pamana13_Context,Task,Level 13 has no challengeSequence.,"- Challenge_Pamana13_Context restores SANGA and HARAYA in the sentence
- It is assigned to Level13_Config.challengeSequence and the validator reports no error for Level 13",Pamana era content (Levels 11-15),Medium,Author Level 13 focus words SANGA and HARAYA with a context-selected RA,15-levels-and-content-coverage.md · LVL-13
Add Ragasa to the Level 13 waves and allowed enemy types,Task,Ragasa exists as data but is in no wave.,"- Level13_Config.allowedEnemyTypes and at least one wave include EnemyData_Ragasa
- A PlayMode test shows drawing RA defeats a Ragasa and drawing DA does not",Pamana era content (Levels 11-15),Medium,Author Level 13 focus words SANGA and HARAYA with a context-selected RA; Register the 18 corruption enemy ids against the Corrupted shell in EnemyPool,08-enemies.md · ENM-28
Author the Pamana era paragraph units for Challenge_Pamana15_Context ending in MALAYA,Task,"Ruling Q4 and the Level 15 third-round ruling: one paragraph line per boss phase, YA into MALAYA last.","- Challenge_Pamana15_Context contains three ParagraphRestoration units, one per boss phase, each with checkpointOnSuccess true
- PAMANA and MALAYA are the taught slots and the final line ends in MALAYA
- It is assigned to Level15_Config.challengeSequence and the validator reports no error for Level 15",Pamana era content (Levels 11-15),Medium,none,10-restoration-and-challenges.md · REST-24; 09-boss-paglimot.md · BOSS-11
Author the Pamana ending line on Era_03,Task,The era completion overlay has no Pamana ending line.,"- Era_03.asset carries a Filipino ending line
- Completing Pamana Level 5 shows it on EraCompletionScreenUI",Pamana era content (Levels 11-15),Medium,none,COVERAGE.md · STORY-11
Author a Paglimot boss config with three era-pool phases,Task,"Level 15 still references BossConfig_Kadiliman. Ruling: phase 1 summons Ugat-pool enemies, phase 2 Ugnayan, phase 3 all pools including Yapos ng Dilim. Disposition of the Kadiliman asset is an open question.","- A BossConfigSO whose bossEnemyData displayName is Paglimot has exactly three phases
- Phase 1 summonEnemyTypes are Ugat-pool enemies, phase 2 Ugnayan-pool, phase 3 draws from all three pools and includes YaposngDilim
- Level15_Config.bossConfig references it",Paglimot boss encounter (Level 15),Medium,none,09-boss-paglimot.md · BOSS-01; 09-boss-paglimot.md · BOSS-04
Open a paragraph line after each cleared boss phase,Task,BossController has no restoration hook.,"- On OnBossDamaged the boss holds and the flow presents that phase's ChallengeUnit
- The next boss phase starts only after the unit succeeds
- An EditMode test on LevelFlowMachine covers the boss-phase segment transition",Paglimot boss encounter (Level 15),Medium,none,09-boss-paglimot.md · BOSS-10
"Author Level 15 flow segments, one per boss phase",Task,Level 15 has no flowSegments.,"- Level15_Config.flowSegments has three entries, each naming its boss phase and paragraph unit
- Playing Level 15 restores one line after each phase and traces YA into MALAYA last",Paglimot boss encounter (Level 15),Medium,Author a Paglimot boss config with three era-pool phases; Open a paragraph line after each cleared boss phase; Author the Pamana era paragraph units for Challenge_Pamana15_Context ending in MALAYA,09-boss-paglimot.md · BOSS-10; 09-boss-paglimot.md · BOSS-11
Restart only the current boss phase on defeat in Level 15,Task,Dying in a late phase must not restart the encounter.,"- Losing all hearts in phase 2 restarts phase 2 with full hearts
- Paragraph line 1 stays locked after the restart",Paglimot boss encounter (Level 15),Medium,"Author Level 15 flow segments, one per boss phase",09-boss-paglimot.md · BOSS-12
Author a BossTutorialSO for Paglimot,Task,The only boss tutorial asset is for the retired El Inquisidor.,"- A BossTutorialSO with a name-and-lore page 1 (Filipino) and one page per mechanic is assigned to the Paglimot config's tutorial field
- The scroll opens before the encounter on Level 15",Paglimot boss encounter (Level 15),Medium,Author a Paglimot boss config with three era-pool phases,09-boss-paglimot.md · BOSS-02
Produce the Paglimot boss sprite and state animations,Task,The finale boss config's bossSprite is empty.,"- bossSprite is non-null on the Paglimot config
- Collapse and stand-up frames are assigned on BossStateVisuals",Paglimot boss encounter (Level 15),Medium,Author a Paglimot boss config with three era-pool phases,09-boss-paglimot.md · BOSS-13
Author a BossAudioBankSO for Paglimot,Task,"The finale boss has no audio bank, so the encounter is silent.","- A BossAudioBankSO is assigned to the Paglimot config's audioBank
- bgm, introGrowl, summonTick, bodyFall, vulnerabilityExpiredLaugh, defeat, hitGrowls, damagedGrowls, footsteps and teleports are all non-empty",Paglimot boss encounter (Level 15),Medium,Author a Paglimot boss config with three era-pool phases,09-boss-paglimot.md · BOSS-13
Add Paglimot to the Almanac enemy registry as a boss,Task,The Codex should list the one remaining boss.,"- AlmanacEnemyRegistry_Default contains the Paglimot bossEnemyData flagged as boss
- Its cell renders with the boss border once discovered",Paglimot boss encounter (Level 15),Low,Author a Paglimot boss config with three era-pool phases; Remove Superintendent and Kadiliman from AlmanacEnemyRegistry_Default,05-baybayin-learning.md · CODEX-05
Playtest Level 15 and record the boss timer results,Task,Timers are authored as starting values; nobody has played the encounter (RISK-14).,"- A report under progress/ records, per phase, the vulnerability window length, whether it expired, and draws completed
- The report proposes a value for each timer or states it should stay",Paglimot boss encounter (Level 15),Low,"Author Level 15 flow segments, one per boss phase; Produce the Paglimot boss sprite and state animations",09-boss-paglimot.md · BOSS-18
Persist a campaign-complete flag when Pamana Level 5 commits,Task,No post-game state exists.,"- CampaignSaveDocument carries a campaignComplete boolean set by CampaignOutcomeCoordinator when level.pamana.05 commits
- Journey reset clears it
- CampaignSaveMigrationTests cover the new field",Campaign ending sequence,Medium,none,03-story-and-dialogue.md · STORY-13
Author the Cutscene_Ending asset,Task,No ending cutscene exists.,- Cutscene_Ending.asset exists with Filipino panel copy for the ending beat,Campaign ending sequence,Medium,none,03-story-and-dialogue.md · STORY-13
Produce ending cutscene panel art,Task,Cutscene panel art is in scope for the team.,- Every panel of Cutscene_Ending has a non-null sprite,Campaign ending sequence,Medium,Author the Cutscene_Ending asset,03-story-and-dialogue.md · STORY-13
Play Cutscene_Ending after the Pamana Level 5 era completion,Task,Wire the ending into the flow.,"- After the era completion overlay of level.pamana.05, Cutscene_Ending plays once
- It does not replay on later launches",Campaign ending sequence,Medium,Author the Cutscene_Ending asset; Persist a campaign-complete flag when Pamana Level 5 commits,03-story-and-dialogue.md · STORY-13
Persist the wave checkpoint to the campaign save after each cleared wave,Task,GameManager's paused-run snapshot is in-memory only (ruling OQ-3).,"- After OnWaveCleared the save document stores levelId, next wave index and hearts remaining
- The write goes through CampaignOutcomeCoordinator's atomic boundary
- An EditMode test covers the write",Mid-level checkpoints and Save and Exit,Medium,none,12-pause-fail-retry-and-edge-cases.md · FAIL-09
Persist restoration progress after each completed syllable placement,Task,Ruling OQ-3: checkpoint on every completed syllable.,"- Each locked restoration slot is recorded in the save document as it locks
- An EditMode test covers the write",Mid-level checkpoints and Save and Exit,Medium,none,12-pause-fail-retry-and-edge-cases.md · FAIL-09
Bump the save schema and migrate for the checkpoint fields,Task,New fields need a migration.,"- CurrentSaveSchemaVersion is incremented
- CampaignSaveMigrator gives older saves an empty checkpoint
- CampaignSaveMigrationTests cover the migration",Mid-level checkpoints and Save and Exit,Medium,Persist the wave checkpoint to the campaign save after each cleared wave; Persist restoration progress after each completed syllable placement,COVERAGE.md · SAVE-09
Add Save and Exit to the pause menu,Task,No Save and Exit control exists.,"- A Save and Exit control writes the current checkpoint, aborts the attempt and returns to Main Menu
- No level outcome is committed",Mid-level checkpoints and Save and Exit,Medium,Persist the wave checkpoint to the campaign save after each cleared wave; Persist restoration progress after each completed syllable placement,12-pause-fail-retry-and-edge-cases.md · FAIL-09
Resume inside the level from the persisted checkpoint on Continue,Task,Ruling Q8: Continue resumes inside the level once checkpoints persist.,"- Continue enters the level at the stored wave index with the stored hearts
- Stored syllable placements are locked on the board
- Story, FocusWords and SymbolLearning phases are skipped on a resumed attempt",Mid-level checkpoints and Save and Exit,Medium,Bump the save schema and migrate for the checkpoint fields,12-pause-fail-retry-and-edge-cases.md · FAIL-09
Keep completed segment lines locked when a later wave is retried,Task,Segment-boundary state restoration is not established.,"- Dying in wave 3 of a segmented level restarts wave 3 with every earlier paragraph line still locked
- An EditMode test covers the machine state",Mid-level checkpoints and Save and Exit,Medium,Persist restoration progress after each completed syllable placement,04-level-flow.md · FLOW-09
Add a SaveStatusIndicator showing Saving then Saved at checkpoints,Task,SALIN-239 was closed with no implementation.,"- The text 'Saving...' appears when a commit starts and 'Saved' for about one second after success
- A PendingRetry result shows 'Save failed - retrying'
- State is conveyed by text, not colour alone",Mid-level checkpoints and Save and Exit,Low,none,11-results-rewards-and-progression.md · SAVE-06
Add a start-at-wave-index entry point to WaveManager,Task,Restart Wave and Retry Checkpoint both need it.,"- WaveManager.StartLevel(int waveIndex) begins spawning at that wave
- An EditMode test covers starting at index 2 of a 5-wave level",Wave restart and defeat recovery,Medium,none,12-pause-fail-retry-and-edge-cases.md · FAIL-07
Add Restart Wave to the pause menu,Task,Restart currently reloads the whole level.,"- After confirmation, Restart Wave restarts the current wave only; earlier waves are not replayed
- The existing Restart Level control is unchanged",Wave restart and defeat recovery,Medium,Add a start-at-wave-index entry point to WaveManager,12-pause-fail-retry-and-edge-cases.md · FAIL-07
Add Retry Checkpoint to the defeat screen,Task,SALIN-236 was closed with no implementation.,"- Retry Checkpoint restarts at the last cleared wave with full hearts
- No story, focus-word or symbol card replays",Wave restart and defeat recovery,Medium,Add a start-at-wave-index entry point to WaveManager,12-pause-fail-retry-and-edge-cases.md · FAIL-07
Name the symbols that reached the Shrine on the defeat screen,Task,The defeat screen shows the heart count only.,"- The defeat screen lists the glyph and syllable of every enemy that hit the base in the attempt
- An EditMode test covers the tracker",Wave restart and defeat recovery,Medium,none,12-pause-fail-retry-and-edge-cases.md · FAIL-12
Show a defeat cause line on the defeat screen,Task,Commit 78070b70 hid _explanationText.,- _explanationText is active on the defeat screen with an approved string,Wave restart and defeat recovery,Low,Review and approve every placeholder player-facing string,12-pause-fail-retry-and-edge-cases.md · FAIL-12
Open practice preselected to the missed symbols from Review Lesson,Task,The Review Lesson button's target is not established.,- Review Lesson opens the tracing surface with the first missed symbol selected and the rest in its list,Wave restart and defeat recovery,Medium,Name the symbols that reached the Shrine on the defeat screen,12-pause-fail-retry-and-edge-cases.md · FAIL-15
Route the defeat screen's Level Select control to the Level Select scene,Task,It currently returns to Main Menu.,"- Tapping Level Select on the defeat screen loads LevelSelect, not MainMenu",Wave restart and defeat recovery,Medium,none,12-pause-fail-retry-and-edge-cases.md · FAIL-16
List the target words and symbols in play on the pause panel,Task,SALIN-237 was closed with no implementation.,- The pause panel shows the level's focus-word displayLabels and the badge sprite of every symbol in the current wave's character pool,Wave restart and defeat recovery,Medium,none,12-pause-fail-retry-and-edge-cases.md · FAIL-05
Freeze the field for one second when an enemy reaches the Shrine,Task,SALIN-238 was closed with no implementation.,"- On OnBaseHit, enemy movement and spawning pause for 1.0 s of unscaled time
- Drawing input is suppressed during the freeze
- The pause menu still opens during the freeze",Heart-loss breach beat,Low,none,07-combat-and-defense.md · CMB-26
Show the missed glyph and syllable during the breach freeze,Task,The player should see what got through.,- During the freeze the missed character's badge sprite and spoken-value label are shown centred in the play column,Heart-loss breach beat,Low,Freeze the field for one second when an enemy reaches the Shrine,07-combat-and-defense.md · CMB-26
Re-queue the missed symbol as a later clue in the same wave,Task,The clue returns to the review queue.,"- When spawns remain in the wave, SpawnAssignmentDirector schedules the missed symbol at least once more before the wave ends
- An EditMode test covers the reschedule",Heart-loss breach beat,Low,none,07-combat-and-defense.md · CMB-26
"Show spoken values, first use and later uses on the Codex symbol detail",Task,"The detail shows portrait, name and description only.","- The detail lists each spokenValueId label, the firstIntroductionLevelId as 'Era · Level n', and every later level whose cumulativeSymbolPool contains the symbol",Codex upgrade and free practice,Medium,none,05-baybayin-learning.md · CODEX-06
Show mastery bars on the Codex symbol detail,Task,Mastery states are saved but never displayed per symbol.,"- The detail shows one bar per applicable MasteryDimension, read from SaveManager.LearningState
- Each bar displays Introduced, Practiced, Recalled or Mastered",Codex upgrade and free practice,Medium,none,05-baybayin-learning.md · MAST-01
Label locked Codex cells with the era they first appear in,Task,Locked cells show only a question mark.,- A locked cell reads 'Appears in <Era>' derived from firstIntroductionLevelId,Codex upgrade and free practice,Low,none,05-baybayin-learning.md · CODEX-06
Add a Practice Symbol control that opens the tracing surface preselected,Task,Ruling D-005 folds free practice into the Codex.,"- Tapping Practice Symbol on an introduced symbol's detail loads the tracing scene with that symbol selected in CharacterDropdown
- The control is hidden for symbols not in IntroducedSymbolIds",Codex upgrade and free practice,Medium,none,05-baybayin-learning.md · PRAC-08
Remove the Tracing Dojo button from the main menu,Task,Ruling D-005 removes the player-facing Tracing Dojo; internal Tracing* identifiers stay (D-006).,"- MainMenu.unity contains no TracingDojoButton
- MainMenuUI has no OnTracingDojoPressed handler
- The tracing scene is still reachable from the Codex",Codex upgrade and free practice,Medium,Add a Practice Symbol control that opens the tracing surface preselected,01-app-entry-and-main-menu.md · MM-22
Add a Voice volume slider for pronunciation clips,Task,Pronunciation plays on the SFX source; the GDD specifies a separate Voice channel.,"- Pronunciation clips play on a dedicated AudioSource scaled by master x voice
- A Voice slider in SettingsPanel persists in PlayerPrefs
- The SFX slider no longer affects pronunciation",Accessibility and settings,Low,none,14-accessibility-and-settings.md · ACC-03
Add a Captions toggle to Settings,Task,No captions setting exists.,- A Captions toggle in SettingsPanel persists in PlayerPrefs and exposes a static Captions.Enabled,Accessibility and settings,Low,none,14-accessibility-and-settings.md · ACC-04
Show the syllable as caption text on every pronunciation when Captions is on,Task,Deaf and muted players need the same information.,"- With Captions on, every pronunciation playback shows the spoken-value label as text for the clip's duration
- With Captions off no caption is shown",Accessibility and settings,Low,Add a Captions toggle to Settings,14-accessibility-and-settings.md · ACC-04
Add a Narration toggle that mutes dialogue voice clips,Task,No narration setting exists.,"- With Narration off, DialogueLine voice clips do not play and the text still shows
- The toggle persists in PlayerPrefs",Accessibility and settings,Low,none,14-accessibility-and-settings.md · ACC-04
Add a font-size setting that scales body text,Task,No font-size setting exists.,"- SettingsPanel offers three sizes; the choice scales DialogueController, CutscenePlayer, HUD feedback and Results body text
- The setting persists in PlayerPrefs",Accessibility and settings,Low,none,14-accessibility-and-settings.md · ACC-06
Add a text-speed setting for the dialogue typewriter,Task,No text-speed setting exists.,"- Changing the setting changes DialogueController's per-character delay immediately
- The setting persists in PlayerPrefs",Accessibility and settings,Low,none,14-accessibility-and-settings.md · ACC-06
Add a Reduced Motion toggle to Settings,Task,No reduced-motion setting exists.,- A Reduced Motion toggle in SettingsPanel persists in PlayerPrefs and exposes a static ReducedMotion.Enabled,Accessibility and settings,Low,none,14-accessibility-and-settings.md · ACC-09
Skip camera shake and edge flash when Reduced Motion is on,Task,Shake and flash are unconditional.,"- With Reduced Motion on, CameraShakeController and DamageEdgeFlashController do not play on a base hit
- With it off they play as before",Accessibility and settings,Low,Add a Reduced Motion toggle to Settings,14-accessibility-and-settings.md · ACC-09
Show a hearts numeral beside the heart icons,Task,HeartDisplay has no numeral.,- The HUD shows 'n/3' beside the hearts and updates on OnHeartsChanged,Accessibility and settings,Low,none,14-accessibility-and-settings.md · ACC-10
Add a Large Hearts setting that doubles heart icon size,Task,No large-hearts setting exists.,"- With Large Hearts on, heart icons render at twice their default size
- The setting persists in PlayerPrefs",Accessibility and settings,Low,none,14-accessibility-and-settings.md · ACC-10
Add a Haptics toggle to Settings,Task,No haptics setting exists (ruling Q13 rescoped SALIN-265 to this).,- A Haptics toggle in SettingsPanel persists in PlayerPrefs,Accessibility and settings,Low,none,14-accessibility-and-settings.md · ACC-12
Vibrate on a correct trace when Haptics is on,Task,No Vibrate call exists anywhere under Assets/Scripts.,- An accepted recognition calls Handheld.Vibrate once when Haptics is on and never when it is off,Accessibility and settings,Low,Add a Haptics toggle to Settings,14-accessibility-and-settings.md · ACC-12
Add a Difficulty Assist toggle to Settings,Task,"No assist setting exists. The numeric values for speed, trace window and guide opacity are an open question and are read from GameConfigSO fields.","- A Difficulty Assist toggle in SettingsPanel persists in PlayerPrefs and exposes a static Assist.Enabled
- GameConfigSO gains assistEnemySpeedFactor, assistMultiStrokeWindowSeconds and assistGuideOpacity fields",Accessibility and settings,Low,none,14-accessibility-and-settings.md · ACC-13
Apply the assist enemy speed factor when Assist is on,Task,EnemyMover has no assist factor.,"- With Assist on, EnemyMover multiplies speed by GameConfigSO.assistEnemySpeedFactor; with it off the factor is 1",Accessibility and settings,Low,Add a Difficulty Assist toggle to Settings,14-accessibility-and-settings.md · ACC-13
Extend the multi-stroke window when Assist is on,Task,StrokeCapture uses the fixed config window.,"- With Assist on, StrokeCapture uses GameConfigSO.assistMultiStrokeWindowSeconds instead of RecognitionConfigSO.multiStrokeWindowSeconds",Accessibility and settings,Low,Add a Difficulty Assist toggle to Settings,14-accessibility-and-settings.md · ACC-13
Raise the trace guide opacity when Assist is on,Task,TraceHintPresenter uses a fixed opacity.,"- With Assist on, TraceHintPresenter renders the guide at GameConfigSO.assistGuideOpacity",Accessibility and settings,Low,Add a Difficulty Assist toggle to Settings,14-accessibility-and-settings.md · ACC-13
Show an assist icon on Results when Assist was on during the attempt,Task,The rating must stay honest.,"- The Results screen shows an assist icon when Assist.Enabled was true at any point in the attempt
- The flag is part of the attempt's outcome so replay cannot hide it",Accessibility and settings,Low,Add a Difficulty Assist toggle to Settings,14-accessibility-and-settings.md · ACC-13
Offer the Difficulty Assist setting from the defeat screen,Task,Spec UF-32.,- The defeat screen has a control that opens SettingsPanel scrolled to Difficulty Assist,Accessibility and settings,Low,Add a Difficulty Assist toggle to Settings,14-accessibility-and-settings.md · ACC-13
Add Restore Defaults to Settings,Task,No reset-to-defaults exists.,"- Restore Defaults resets every SettingsPanel value to its default and writes them to PlayerPrefs
- The values survive a restart",Accessibility and settings,Low,none,14-accessibility-and-settings.md · ACC-15
Correct the OnboardingSequenceSO tooltip that names Level 2 as the first chain-on level,Task,"The field tooltip on OnboardingSequenceSO still asserts Level 2 is the first level with the multi-kill chain enabled. It is not: multiKillChainEnabled is 0 on every Ugat level, which is why 8131a6b8 removed the MassClearTeach beat from Level 2. The tooltip is the last thing in the tree still making the claim.","- The OnboardingSequenceSO tooltip no longer names Level 2
- It states the beat is for a chain-enabled level and that no Ugat level is one",Tutorial,Low,none,04-level-flow.md · FLOW-18
Give the Ugat 3 and 4 two-blank units a second evidenceContentId,Task,"b35e2119 restored the second blank on Challenge_Ugat03_Context and Challenge_Ugat04_Context, but evidenceContentId still carries one id per unit and one id cannot evidence two words. It was left as authored rather than silently picking a winner between INA and AMA on Level 4.","- Each two-blank unit on Ugat 3 and 4 carries an evidence id per blank
- The Memory Archive entry for each level names both restored words
- EditMode suite passes",Challenge content,Medium,none,10-restoration-and-challenges.md · REST-12
Run the SALIN-188 language and cultural review on the re-authored Ugat 3 and 4 Filipino,Task,b35e2119 rewrote the Level 3 and Level 4 context prompts and dropped the L3 AMA decoy. That Filipino has not been through the SALIN-188 language and cultural review that docs/content/ugat-levels-2-5-narrative.md names as its acceptance gate.,"- The two rewritten prompts are reviewed and the outcome recorded in the narrative doc
- Any correction is applied to the assets and the doc byte-identically",Content,Medium,none,10-restoration-and-challenges.md · REST-12
Produce scrambled badge art for the eighteen characters,Task,"BaybayinCharacterSO.scrambledBadgeSprite is null on all eighteen characters, so a badge showing a false face — Mantsa’s stain, Nawalang Mukha’s borrowed glyph — falls back to a dim-and-cool tint rather than a distinct sprite. EnemyGlyphBadge.cs:41 names the fallback as interim and says the treatment retires when the art lands.","- A scrambled badge sprite exists for every Char_*.asset
- Every Char_*.asset scrambledBadgeSprite is non-null
- A stained badge is distinguishable from a genuine one in a 360x640 screenshot",Art,Low,none,08-enemies.md · ENM-33
Decide whether the tutorial guide’s Skip affordance ships,Task,"6fc34851 fixed the timing contract so the Skip decision happens before the panel is raised, and recorded that no caller passes canSkip: true — the enemy-introduction draw step, the heart-loss demo and the challenge flow all pass false. The surface therefore shows no Skip at all today while the wiring to Level1OnboardingController’s skip gate is kept intact.","- A ruling names which beats, if any, offer Skip
- Either at least one caller passes canSkip: true and the control is reachable in play, or the wiring and its gate are removed
- EditMode suite passes",Tutorial,Low,none,14-accessibility-and-settings.md · ACC-19
